"seriesID","trait.name","T.C","T.K","trait","ErrorPosSI","ErrorNegSI","Trait2.name","Trait","host.code","paras.code","Citation","Figure","Notes"
"MordecaiPub","MDR",22,295.15,0.048077455,NA,NA,NA,NA,"Aalb",NA,"Alto_et_al_2001b_JMedEnto","",""
"MordecaiPub","MDR",26,299.15,0.054535139,NA,NA,NA,NA,"Aalb",NA,"Alto_et_al_2001b_JMedEnto","",""
"MordecaiPub","MDR",30,303.15,0.058846719,NA,NA,NA,NA,"Aalb",NA,"Alto_et_al_2001b_JMedEnto","",""
"Shocket","MDR",15,288.15,0.0269541778975741,NA,NA,NA,NA,"Ocam",NA,"Barton_2005_ProcLSNSW","",""
"Shocket","MDR",20,293.15,0.0377358490566038,NA,NA,NA,NA,"Ocam",NA,"Barton_2005_ProcLSNSW","",""
"Shocket","MDR",25,298.15,0.0495049504950495,NA,NA,NA,NA,"Ocam",NA,"Barton_2005_ProcLSNSW","",""
"Shocket","MDR",30,303.15,0.075187969924812,NA,NA,NA,NA,"Ocam",NA,"Barton_2005_ProcLSNSW","",""
"Shocket","MDR",35,308.15,0.0826446280991736,NA,NA,NA,NA,"Ocam",NA,"Barton_2005_ProcLSNSW","",""
"MordecaiPub","MDR",16,289.15,0.001,NA,NA,NA,NA,"Agam",NA,"Bayoh 2003","",""
"MordecaiPub","MDR",18,291.15,0.0429184549356223,NA,NA,NA,NA,"Agam",NA,"Bayoh 2003","",""
"MordecaiPub","MDR",20,293.15,0.0490196078431373,NA,NA,NA,NA,"Agam",NA,"Bayoh 2003","",""
"MordecaiPub","MDR",22,295.15,0.0571428571428571,NA,NA,NA,NA,"Agam",NA,"Bayoh 2003","",""
"MordecaiPub","MDR",24,297.15,0.0740740740740741,NA,NA,NA,NA,"Agam",NA,"Bayoh 2003","",""
"MordecaiPub","MDR",26,299.15,0.0869565217391304,NA,NA,NA,NA,"Agam",NA,"Bayoh 2003","",""
"MordecaiPub","MDR",28,301.15,0.102040816326531,NA,NA,NA,NA,"Agam",NA,"Bayoh 2003","",""
"MordecaiPub","MDR",30,303.15,0.1,NA,NA,NA,NA,"Agam",NA,"Bayoh 2003","",""
"MordecaiPub","MDR",32,305.15,0.0980392156862745,NA,NA,NA,NA,"Agam",NA,"Bayoh 2003","",""
"MordecaiPub","MDR",34,307.15,0.001,NA,NA,NA,NA,"Agam",NA,"Bayoh 2003","",""
"Shocket","MDR",16.5,289.65,0.555555555555556,NA,NA,"Photoperiod","13 L","Trut",NA,"Bradshaw_1977_BioBull","Figure 1B",""
"Shocket","MDR",16.5,289.65,0.454545454545455,NA,NA,"Photoperiod","14 L","Trut",NA,"Bradshaw_1977_BioBull","Figure 1B",""
"Shocket","MDR",21,294.15,0.333333333333333,NA,NA,"Photoperiod","13 L","Trut",NA,"Bradshaw_1977_BioBull","Figure 1B",""
"Shocket","MDR",21,294.15,0.188679245283019,NA,NA,"Photoperiod","14 L","Trut",NA,"Bradshaw_1977_BioBull","Figure 1B",""
"Shocket","MDR",25,298.15,0.25,NA,NA,"Photoperiod","13 L","Trut",NA,"Bradshaw_1977_BioBull","Figure 1B",""
"Shocket","MDR",25,298.15,0.172413793103448,NA,NA,"Photoperiod","14 L","Trut",NA,"Bradshaw_1977_BioBull","Figure 1B",""
"MordecaiPub","MDR",12,285.15,0.01818,NA,NA,NA,NA,"Aalb",NA,"Briegel_etal_2001_JMedEnto","",""
"MordecaiPub","MDR",17,290.15,0.02941,NA,NA,NA,NA,"Aalb",NA,"Briegel_etal_2001_JMedEnto","",""
"MordecaiPub","MDR",27,300.15,0.07143,NA,NA,NA,NA,"Aalb",NA,"Briegel_etal_2001_JMedEnto","",""
"MordecaiPub","MDR",32,305.15,0.03125,NA,NA,NA,NA,"Aalb",NA,"Briegel_etal_2001_JMedEnto","",""
"Shocket","MDR",21,294.15,0.0273822562979189,0.71,0.71,"Sex","Female","Anig",NA,"Brust_1967_CanEntomol","Table 2","Converted from hours to days"
"Shocket","MDR",26.5,299.65,0.0646830530401035,0.48,0.48,"Sex","Female","Anig",NA,"Brust_1967_CanEntomol","Table 2","Converted from hours to days"
"Shocket","MDR",32,305.15,0.0549752611324904,0.52,0.52,"Sex","Female","Anig",NA,"Brust_1967_CanEntomol","Table 2","Converted from hours to days"
"Numazu_7","MDR",21,294.15,0.0313676286072773,0.6,0.6,"Sex","Female","Avex",NA,"Brust_1967_CanEntomol","Table 1","Converted from hours to days"
"Numazu_7","MDR",26.5,299.65,0.062266500622665,0.54,0.54,"Sex","Female","Avex",NA,"Brust_1967_CanEntomol","Table 1","Converted from hours to days"
"Numazu_7","MDR",32,305.15,0.0768049155145929,0.46,0.46,"Sex","Female","Avex",NA,"Brust_1967_CanEntomol","Table 1","Converted from hours to days"
"Shocket","MDR",15,288.15,0.0454545454545455,0.4,0.4,"Density","50","Cres",NA,"Buth_1990_JAMCA","Table 2",""
"Shocket","MDR",20,293.15,0.0862068965517241,0.2,0.2,"Density","50","Cres",NA,"Buth_1990_JAMCA","Table 2",""
"Shocket","MDR",25,298.15,0.123456790123457,0.5,0.5,"Density","50","Cres",NA,"Buth_1990_JAMCA","Table 2",""
"Shocket","MDR",15,288.15,0.0289017341040462,0.6,0.6,"Density","50","Ctar",NA,"Buth_1990_JAMCA","Table 2",""
"Shocket","MDR",20,293.15,0.0549450549450549,0.5,0.5,"Density","50","Ctar",NA,"Buth_1990_JAMCA","Table 2",""
"Shocket","MDR",25,298.15,0.078125,0.4,0.4,"Density","50","Ctar",NA,"Buth_1990_JAMCA","Table 2",""
"Shocket","MDR",15,288.15,0.0420168067226891,0.6,0.6,"Density","50","Cino",NA,"Buth_1990_JAMCA","Table 2",""
"Shocket","MDR",20,293.15,0.0485436893203883,0.6,0.6,"Density","50","Cino",NA,"Buth_1990_JAMCA","Table 2",""
"Shocket","MDR",25,298.15,0.0735294117647059,0.5,0.5,"Density","50","Cino",NA,"Buth_1990_JAMCA","Table 2",""
"MordecaiPub","MDR",15,288.15,0.012539185,NA,NA,NA,NA,"Aalb",NA,"Calado_Navarro-Silva_2002b_RevSaudaPublica","",""
"MordecaiPub","MDR",20,293.15,0.025510204,NA,NA,NA,NA,"Aalb",NA,"Calado_Navarro-Silva_2002b_RevSaudaPublica","",""
"MordecaiPub","MDR",25,298.15,0.042087542,NA,NA,NA,NA,"Aalb",NA,"Calado_Navarro-Silva_2002b_RevSaudaPublica","",""
"MordecaiPub","MDR",30,303.15,0.054112554,NA,NA,NA,NA,"Aalb",NA,"Calado_Navarro-Silva_2002b_RevSaudaPublica","",""
"Moye_11","MDR",16,289.15,0.0340136054421769,0.4357714,0.4357714,"Population","Lab colony","Cpip",NA,"Ciota_2014_JMedEntom","Figure 1",""
"Moye_13","MDR",16,289.15,0.0510204081632653,0.1943815,0.1943815,"Population","Field-derived","Cpip",NA,"Ciota_2014_JMedEntom","Figure 1",""
"Moye_11","MDR",20,293.15,0.0662251655629139,0.0937053,0.0937053,"Population","Lab colony","Cpip",NA,"Ciota_2014_JMedEntom","Figure 1",""
"Moye_13","MDR",20,293.15,0.062111801242236,0.0546244,0.0546244,"Population","Field-derived","Cpip",NA,"Ciota_2014_JMedEntom","Figure 1",""
"Moye_11","MDR",24,297.15,0.0819672131147541,0.0887227,0.0887227,"Population","Lab colony","Cpip",NA,"Ciota_2014_JMedEntom","Figure 1",""
"Moye_13","MDR",24,297.15,0.0840336134453781,0.1243498,0.1243498,"Population","Field-derived","Cpip",NA,"Ciota_2014_JMedEntom","Figure 1",""
"Moye_11","MDR",28,301.15,0.10989010989011,0.0344341,0.0344341,"Population","Lab colony","Cpip",NA,"Ciota_2014_JMedEntom","Figure 1",""
"Moye_13","MDR",28,301.15,0.105263157894737,0.0232628,0.0232628,"Population","Field-derived","Cpip",NA,"Ciota_2014_JMedEntom","Figure 1",""
"Moye_11","MDR",32,305.15,0.101010101010101,0.0641164,0.0641164,"Population","Lab colony","Cpip",NA,"Ciota_2014_JMedEntom","Figure 1",""
"Moye_13","MDR",32,305.15,0.113636363636364,0.0576678,0.0576678,"Population","Field-derived","Cpip",NA,"Ciota_2014_JMedEntom","Figure 1",""
"Moye_12","MDR",16,289.15,0.0396825396825397,0.2332855,0.2332855,"Population","Lab colony","Cqui",NA,"Ciota_2014_JMedEntom","Figure 1",""
"Moye_14","MDR",16,289.15,0.0403225806451613,0.3293962,0.3293962,"Population","Field-derived","Cqui",NA,"Ciota_2014_JMedEntom","Figure 1",""
"Moye_12","MDR",20,293.15,0.0543478260869565,0.1385335,0.1385335,"Population","Lab colony","Cqui",NA,"Ciota_2014_JMedEntom","Figure 1",""
"Moye_14","MDR",20,293.15,0.0641025641025641,0.1800174,0.1800174,"Population","Field-derived","Cqui",NA,"Ciota_2014_JMedEntom","Figure 1",""
"Moye_12","MDR",24,297.15,0.0840336134453781,0.1896116,0.1896116,"Population","Lab colony","Cqui",NA,"Ciota_2014_JMedEntom","Figure 1",""
"Moye_14","MDR",24,297.15,0.0884955752212389,0.085207,0.085207,"Population","Field-derived","Cqui",NA,"Ciota_2014_JMedEntom","Figure 1",""
"Moye_12","MDR",28,301.15,0.0934579439252337,0.1007781,0.1007781,"Population","Lab colony","Cqui",NA,"Ciota_2014_JMedEntom","Figure 1",""
"Moye_14","MDR",28,301.15,0.103092783505155,0.0319333,0.0319333,"Population","Field-derived","Cqui",NA,"Ciota_2014_JMedEntom","Figure 1",""
"Moye_12","MDR",32,305.15,0.10752688172043,0.1232882,0.1232882,"Population","Lab colony","Cqui",NA,"Ciota_2014_JMedEntom","Figure 1",""
"Moye_14","MDR",32,305.15,0.105263157894737,0.0345426,0.0345426,"Population","Field-derived","Cqui",NA,"Ciota_2014_JMedEntom","Figure 1",""
"Shocket","MDR",16,289.15,0.0549450549450549,0.302663438,0.302663438,NA,NA,"Cres",NA,"Ciota_2014_JMedEntom","Figure 1",""
"Shocket","MDR",20,293.15,0.0719424460431655,0.242130751,0.242130751,NA,NA,"Cres",NA,"Ciota_2014_JMedEntom","Figure 1",""
"Shocket","MDR",24,297.15,0.0925925925925926,0.181598063,0.181598063,NA,NA,"Cres",NA,"Ciota_2014_JMedEntom","Figure 1",""
"Shocket","MDR",28,301.15,0.104166666666667,0.242130751,0.242130751,NA,NA,"Cres",NA,"Ciota_2014_JMedEntom","Figure 1",""
"Shocket","MDR",32,305.15,0.106382978723404,0.181598063,0.181598063,NA,NA,"Cres",NA,"Ciota_2014_JMedEntom","Figure 1",""
"MordecaiPub","MDR",15,288.15,0.032876712,NA,NA,NA,NA,"Aalb",NA,"Delatte_etal_2009_JMedEnto","",""
"MordecaiPub","MDR",15,288.15,0.027952481,NA,NA,NA,NA,"Aalb",NA,"Delatte_etal_2009_JMedEnto","",""
"MordecaiPub","MDR",15,288.15,0.029813665,NA,NA,NA,NA,"Aalb",NA,"Delatte_etal_2009_JMedEnto","",""
"MordecaiPub","MDR",15,288.15,0.032476319,NA,NA,NA,NA,"Aalb",NA,"Delatte_etal_2009_JMedEnto","",""
"MordecaiPub","MDR",15,288.15,0.028985507,NA,NA,NA,NA,"Aalb",NA,"Delatte_etal_2009_JMedEnto","",""
"MordecaiPub","MDR",15,288.15,0.03033367,NA,NA,NA,NA,"Aalb",NA,"Delatte_etal_2009_JMedEnto","",""
"MordecaiPub","MDR",15,288.15,0.033333333,NA,NA,NA,NA,"Aalb",NA,"Delatte_etal_2009_JMedEnto","",""
"MordecaiPub","MDR",15,288.15,0.029739777,NA,NA,NA,NA,"Aalb",NA,"Delatte_etal_2009_JMedEnto","",""
"MordecaiPub","MDR",20,293.15,0.104347826,NA,NA,NA,NA,"Aalb",NA,"Delatte_etal_2009_JMedEnto","",""
"MordecaiPub","MDR",20,293.15,0.082379863,NA,NA,NA,NA,"Aalb",NA,"Delatte_etal_2009_JMedEnto","",""
"MordecaiPub","MDR",20,293.15,0.089241448,NA,NA,NA,NA,"Aalb",NA,"Delatte_etal_2009_JMedEnto","",""
"MordecaiPub","MDR",20,293.15,0.092273892,NA,NA,NA,NA,"Aalb",NA,"Delatte_etal_2009_JMedEnto","",""
"MordecaiPub","MDR",20,293.15,0.071319409,NA,NA,NA,NA,"Aalb",NA,"Delatte_etal_2009_JMedEnto","",""
"MordecaiPub","MDR",20,293.15,0.071784646,NA,NA,NA,NA,"Aalb",NA,"Delatte_etal_2009_JMedEnto","",""
"MordecaiPub","MDR",20,293.15,0.106904232,NA,NA,NA,NA,"Aalb",NA,"Delatte_etal_2009_JMedEnto","",""
"MordecaiPub","MDR",20,293.15,0.082987552,NA,NA,NA,NA,"Aalb",NA,"Delatte_etal_2009_JMedEnto","",""
"MordecaiPub","MDR",25,298.15,0.144578313,NA,NA,NA,NA,"Aalb",NA,"Delatte_etal_2009_JMedEnto","",""
"MordecaiPub","MDR",25,298.15,0.145228216,NA,NA,NA,NA,"Aalb",NA,"Delatte_etal_2009_JMedEnto","",""
"MordecaiPub","MDR",25,298.15,0.131004367,NA,NA,NA,NA,"Aalb",NA,"Delatte_etal_2009_JMedEnto","",""
"MordecaiPub","MDR",25,298.15,0.176322418,NA,NA,NA,NA,"Aalb",NA,"Delatte_etal_2009_JMedEnto","",""
"MordecaiPub","MDR",25,298.15,0.122511485,NA,NA,NA,NA,"Aalb",NA,"Delatte_etal_2009_JMedEnto","",""
"MordecaiPub","MDR",25,298.15,0.108583247,NA,NA,NA,NA,"Aalb",NA,"Delatte_etal_2009_JMedEnto","",""
"MordecaiPub","MDR",25,298.15,0.128824477,NA,NA,NA,NA,"Aalb",NA,"Delatte_etal_2009_JMedEnto","",""
"MordecaiPub","MDR",25,298.15,0.105527638,NA,NA,NA,NA,"Aalb",NA,"Delatte_etal_2009_JMedEnto","",""
"MordecaiPub","MDR",30,303.15,0.211764706,NA,NA,NA,NA,"Aalb",NA,"Delatte_etal_2009_JMedEnto","",""
"MordecaiPub","MDR",30,303.15,0.199445983,NA,NA,NA,NA,"Aalb",NA,"Delatte_etal_2009_JMedEnto","",""
"MordecaiPub","MDR",30,303.15,0.162162162,NA,NA,NA,NA,"Aalb",NA,"Delatte_etal_2009_JMedEnto","",""
"MordecaiPub","MDR",30,303.15,0.171428571,NA,NA,NA,NA,"Aalb",NA,"Delatte_etal_2009_JMedEnto","",""
"MordecaiPub","MDR",30,303.15,0.154340836,NA,NA,NA,NA,"Aalb",NA,"Delatte_etal_2009_JMedEnto","",""
"MordecaiPub","MDR",30,303.15,0.115226337,NA,NA,NA,NA,"Aalb",NA,"Delatte_etal_2009_JMedEnto","",""
"MordecaiPub","MDR",30,303.15,0.147239264,NA,NA,NA,NA,"Aalb",NA,"Delatte_etal_2009_JMedEnto","",""
"MordecaiPub","MDR",30,303.15,0.151679307,NA,NA,NA,NA,"Aalb",NA,"Delatte_etal_2009_JMedEnto","",""
"MordecaiPub","MDR",35,308.15,0.190800681,NA,NA,NA,NA,"Aalb",NA,"Delatte_etal_2009_JMedEnto","",""
"MordecaiPub","MDR",35,308.15,0.181818182,NA,NA,NA,NA,"Aalb",NA,"Delatte_etal_2009_JMedEnto","",""
"Moye_005","MDR",19,292.15,0.0641025641025641,NA,NA,"Population","Coachella Valley","Ctar","WNV","Dodson_2012_Parasites&Vectors","Table 2","Day to first emergence (not mean)"
"Moye_005","MDR",19,292.15,0.0588235294117647,NA,NA,"Population","Coachella Valley","Ctar","WNV","Dodson_2012_Parasites&Vectors","Table 2","Day to first emergence (not mean)"
"Moye_006","MDR",19,292.15,0.0588235294117647,NA,NA,"Population","Yolo County","Ctar","WNV","Dodson_2012_Parasites&Vectors","Table 2","Day to first emergence (not mean)"
"Moye_006","MDR",19,292.15,0.0735294117647059,NA,NA,"Population","Yolo County","Ctar","WNV","Dodson_2012_Parasites&Vectors","Table 2","Day to first emergence (not mean)"
"Moye_005","MDR",25,298.15,0.1,NA,NA,"Population","Coachella Valley","Ctar","WNV","Dodson_2012_Parasites&Vectors","Table 2","Day to first emergence (not mean)"
"Moye_005","MDR",25,298.15,0.102040816326531,NA,NA,"Population","Coachella Valley","Ctar","WNV","Dodson_2012_Parasites&Vectors","Table 2","Day to first emergence (not mean)"
"Moye_006","MDR",25,298.15,0.0980392156862745,NA,NA,"Population","Yolo County","Ctar","WNV","Dodson_2012_Parasites&Vectors","Table 2","Day to first emergence (not mean)"
"Moye_006","MDR",25,298.15,0.1,NA,NA,"Population","Yolo County","Ctar","WNV","Dodson_2012_Parasites&Vectors","Table 2","Day to first emergence (not mean)"
"Moye_005","MDR",31,304.15,0.108695652173913,NA,NA,"Population","Coachella Valley","Ctar","WNV","Dodson_2012_Parasites&Vectors","Table 2","Day to first emergence (not mean)"
"Moye_005","MDR",31,304.15,0.0943396226415094,NA,NA,"Population","Coachella Valley","Ctar","WNV","Dodson_2012_Parasites&Vectors","Table 2","Day to first emergence (not mean)"
"Moye_006","MDR",31,304.15,0.131578947368421,NA,NA,"Population","Yolo County","Ctar","WNV","Dodson_2012_Parasites&Vectors","Table 2","Day to first emergence (not mean)"
"Moye_006","MDR",31,304.15,0.131578947368421,NA,NA,"Population","Yolo County","Ctar","WNV","Dodson_2012_Parasites&Vectors","Table 2","Day to first emergence (not mean)"
"MordecaiPub","MDR",20,293.15,0.062663185,NA,NA,NA,NA,"Aalb",NA,"Ezeakacha_Dissertation_2015","",""
"MordecaiPub","MDR",20,293.15,0.060913091,NA,NA,NA,NA,"Aalb",NA,"Ezeakacha_Dissertation_2015","",""
"MordecaiPub","MDR",20,293.15,0.054318904,NA,NA,NA,NA,"Aalb",NA,"Ezeakacha_Dissertation_2015","",""
"MordecaiPub","MDR",27,300.15,0.12064632,NA,NA,NA,NA,"Aalb",NA,"Ezeakacha_Dissertation_2015","",""
"MordecaiPub","MDR",27,300.15,0.112511735,NA,NA,NA,NA,"Aalb",NA,"Ezeakacha_Dissertation_2015","",""
"MordecaiPub","MDR",27,300.15,0.095997154,NA,NA,NA,NA,"Aalb",NA,"Ezeakacha_Dissertation_2015","",""
"MordecaiPub","MDR",34,307.15,0.101061142,NA,NA,NA,NA,"Aalb",NA,"Ezeakacha_Dissertation_2015","",""
"MordecaiPub","MDR",34,307.15,0.095663265,NA,NA,NA,NA,"Aalb",NA,"Ezeakacha_Dissertation_2015","",""
"MordecaiPub","MDR",34,307.15,0.084262451,NA,NA,NA,NA,"Aalb",NA,"Ezeakacha_Dissertation_2015","",""
"MordecaiPub","MDR",6,279.15,0.001,NA,NA,NA,NA,"Atri",NA,"Jalil 1972","","Is actually 0, but changed to .001"
"MordecaiPub","MDR",8,281.15,0.001,NA,NA,NA,NA,"Atri",NA,"Jalil 1972","","Is actually 0, but changed to .001"
"MordecaiPub","MDR",10,283.15,0.016393443,NA,NA,NA,NA,"Atri",NA,"Jalil 1972","",""
"MordecaiPub","MDR",12,285.15,0.019230769,NA,NA,NA,NA,"Atri",NA,"Jalil 1972","",""
"MordecaiPub","MDR",16,289.15,0.027777778,NA,NA,NA,NA,"Atri",NA,"Jalil 1972","",""
"MordecaiPub","MDR",20,293.15,0.05,NA,NA,NA,NA,"Atri",NA,"Jalil 1972","",""
"MordecaiPub","MDR",24,297.15,0.083333333,NA,NA,NA,NA,"Atri",NA,"Jalil 1972","",""
"MordecaiPub","MDR",28,301.15,0.111111111,NA,NA,NA,NA,"Atri",NA,"Jalil 1972","",""
"MordecaiPub","MDR",32,305.15,0.142857143,NA,NA,NA,NA,"Atri",NA,"Jalil 1972","",""
"MordecaiPub","MDR",36,309.15,0.125,NA,NA,NA,NA,"Atri",NA,"Jalil 1972","",""
"MordecaiPub","MDR",38,311.15,0.001,NA,NA,NA,NA,"Atri",NA,"Jalil 1972","","Is actually 0, but changed to .001"
"Shocket","MDR",10,283.15,0.0206868018204386,NA,NA,NA,NA,"Cpip",NA,"Ju-lin_2017_ChinJVectorBiol&Control","Table 2 + Table 3","Pupation time (from larvae to pupa) + eclosion time (pupa + adult); translated from Chinese"
"Shocket","MDR",15,288.15,0.0331455087835598,NA,NA,NA,NA,"Cpip",NA,"Ju-lin_2017_ChinJVectorBiol&Control","Table 2 + Table 3","Pupation time (from larvae to pupa) + eclosion time (pupa + adult); translated from Chinese"
"Shocket","MDR",20,293.15,0.0453926463912846,NA,NA,NA,NA,"Cpip",NA,"Ju-lin_2017_ChinJVectorBiol&Control","Table 2 + Table 3","Pupation time (from larvae to pupa) + eclosion time (pupa + adult); translated from Chinese"
"Shocket","MDR",25,298.15,0.0600961538461538,NA,NA,NA,NA,"Cpip",NA,"Ju-lin_2017_ChinJVectorBiol&Control","Table 2 + Table 3","Pupation time (from larvae to pupa) + eclosion time (pupa + adult); translated from Chinese"
"Shocket","MDR",30,303.15,0.0855431993156544,NA,NA,NA,NA,"Cpip",NA,"Ju-lin_2017_ChinJVectorBiol&Control","Table 2 + Table 3","Pupation time (from larvae to pupa) + eclosion time (pupa + adult); translated from Chinese"
"Shocket","MDR",35,308.15,0.0961538461538461,NA,NA,NA,NA,"Cpip",NA,"Ju-lin_2017_ChinJVectorBiol&Control","Table 2 + Table 3","Pupation time (from larvae to pupa) + eclosion time (pupa + adult); translated from Chinese"
"Shocket","MDR",40,313.15,0.001,NA,NA,NA,NA,"Cpip",NA,"Ju-lin_2017_ChinJVectorBiol&Control","Table 2 + Table 3","0% pupation rate"
"MordecaiPub","MDR",20,293.15,0.00104,NA,NA,NA,NA,"Aaeg",NA,"Kamimura_et_al_2002_JapanSocMedEnt&Zoo","",""
"MordecaiPub","MDR",20,293.15,0.06215,NA,NA,NA,NA,"Aaeg",NA,"Kamimura_et_al_2002_JapanSocMedEnt&Zoo","",""
"MordecaiPub","MDR",20,293.15,0.06427,NA,NA,NA,NA,"Aaeg",NA,"Kamimura_et_al_2002_JapanSocMedEnt&Zoo","",""
"MordecaiPub","MDR",25,298.15,0.09634,NA,NA,NA,NA,"Aaeg",NA,"Kamimura_et_al_2002_JapanSocMedEnt&Zoo","",""
"MordecaiPub","MDR",25,298.15,0.09285,NA,NA,NA,NA,"Aaeg",NA,"Kamimura_et_al_2002_JapanSocMedEnt&Zoo","",""
"MordecaiPub","MDR",25,298.15,0.08467,NA,NA,NA,NA,"Aaeg",NA,"Kamimura_et_al_2002_JapanSocMedEnt&Zoo","",""
"MordecaiPub","MDR",30,303.15,0.1218,NA,NA,NA,NA,"Aaeg",NA,"Kamimura_et_al_2002_JapanSocMedEnt&Zoo","",""
"MordecaiPub","MDR",30,303.15,0.12804,NA,NA,NA,NA,"Aaeg",NA,"Kamimura_et_al_2002_JapanSocMedEnt&Zoo","",""
"MordecaiPub","MDR",30,303.15,0.13333,NA,NA,NA,NA,"Aaeg",NA,"Kamimura_et_al_2002_JapanSocMedEnt&Zoo","",""
"Shocket","MDR",20,293.15,0.0380517503805175,1.28,1.28,NA,NA,"Cmol",NA,"KiarieMakura_2015_Jpharm&BioSciences","Tables 1 + 2 + 6",""
"Shocket","MDR",24,297.15,0.051440329218107,0.92,0.92,NA,NA,"Cmol",NA,"KiarieMakura_2015_Jpharm&BioSciences","Tables 1 + 2 + 7",""
"Shocket","MDR",28,301.15,0.0778816199376947,1.35,1.35,NA,NA,"Cmol",NA,"KiarieMakura_2015_Jpharm&BioSciences","Tables 1 + 2 + 8",""
"Shocket","MDR",20,293.15,0.0415282392026578,2.72,2.72,NA,NA,"Cpal",NA,"KiarieMakura_2015_Jpharm&BioSciences","Tables 1 + 2 + 3",""
"Shocket","MDR",24,297.15,0.0567214974475326,7.83,7.83,NA,NA,"Cpal",NA,"KiarieMakura_2015_Jpharm&BioSciences","Tables 1 + 2 + 4",""
"Shocket","MDR",28,301.15,0.0851063829787234,1.26,1.26,NA,NA,"Cpal",NA,"KiarieMakura_2015_Jpharm&BioSciences","Tables 1 + 2 + 5",""
"Shocket_109+110","MDR",10,283.15,0.0251256281407035,1.9,1.9,NA,NA,"Cpip",NA,"Loetti_2011_JNatHist","Table 2",""
"Shocket_109","MDR",15,288.15,0.0462962962962963,1.6,1.6,NA,NA,"Cpip",NA,"Loetti_2011_JNatHist","Table 2",""
"Shocket_109","MDR",20,293.15,0.075187969924812,2,2,NA,NA,"Cpip",NA,"Loetti_2011_JNatHist","Table 2",""
"Shocket_109","MDR",25,298.15,0.0980392156862745,1.9,1.9,NA,NA,"Cpip",NA,"Loetti_2011_JNatHist","Table 2",""
"Shocket_109","MDR",30,303.15,0.125,1,1,NA,NA,"Cpip",NA,"Loetti_2011_JNatHist","Table 2",""
"Shocket_109","MDR",33,306.15,0.0869565217391304,NA,NA,NA,NA,"Cpip",NA,"Loetti_2011_JNatHist","Table 2",""
"Shocket","MDR",15,288.15,0.03690036900369,1.5,1.5,NA,NA,"Cpip",NA,"Madder_1983_JMedEntom","Table 6",""
"Shocket","MDR",17,290.15,0.0625,0.4,0.4,NA,NA,"Cpip",NA,"Madder_1983_JMedEntom","Table 6",""
"Shocket","MDR",20,293.15,0.0862068965517241,0.3,0.3,NA,NA,"Cpip",NA,"Madder_1983_JMedEntom","Table 6",""
"Shocket","MDR",23,296.15,0.0869565217391304,0.1,0.1,NA,NA,"Cpip",NA,"Madder_1983_JMedEntom","Table 6",""
"Shocket","MDR",25,298.15,0.142857142857143,0.1,0.1,NA,NA,"Cpip",NA,"Madder_1983_JMedEntom","Table 6",""
"Shocket","MDR",30,303.15,0.144927536231884,0.1,0.1,NA,NA,"Cpip",NA,"Madder_1983_JMedEntom","Table 6",""
"Shocket","MDR",15,288.15,0.0377358490566038,0.6,0.6,NA,NA,"Cres",NA,"Madder_1983_JMedEntom","Table 6",""
"Shocket","MDR",18,291.15,0.0625,0.1,0.1,NA,NA,"Cres",NA,"Madder_1983_JMedEntom","Table 6",""
"Shocket","MDR",20,293.15,0.0699300699300699,0.3,0.3,NA,NA,"Cres",NA,"Madder_1983_JMedEntom","Table 6",""
"Shocket","MDR",23,296.15,0.0892857142857143,0.2,0.2,NA,NA,"Cres",NA,"Madder_1983_JMedEntom","Table 6",""
"Shocket","MDR",25,298.15,0.117647058823529,0.3,0.3,NA,NA,"Cres",NA,"Madder_1983_JMedEntom","Table 6",""
"Shocket","MDR",30,303.15,0.136986301369863,0.4,0.4,NA,NA,"Cres",NA,"Madder_1983_JMedEntom","Table 6",""
"Shocket","MDR",10,283.15,0.00409332787556283,NA,NA,NA,NA,"Cmel",NA,"Mahmood_1998_JMedEntom","Table 2",""
"Shocket","MDR",16,289.15,0.00989119683481701,NA,NA,NA,NA,"Cmel",NA,"Mahmood_1998_JMedEntom","Table 2",""
"Shocket","MDR",22,295.15,0.036101083032491,0.5,0.5,NA,NA,"Cmel",NA,"Mahmood_1998_JMedEntom","Table 2",""
"Shocket","MDR",26,299.15,0.0308641975308642,0.9,0.9,NA,NA,"Cmel",NA,"Mahmood_1998_JMedEntom","Table 2",""
"Shocket","MDR",28,301.15,0.0520833333333333,0.4,0.4,NA,NA,"Cmel",NA,"Mahmood_1998_JMedEntom","Table 2",""
"Shocket","MDR",32,305.15,0.0440528634361234,1.7,1.7,NA,NA,"Cmel",NA,"Mahmood_1998_JMedEntom","Table 2",""
"Shocket","MDR",10,283.15,0.001,NA,NA,NA,NA,"Cann",NA,"McDonald_1980_AusJofEco","","was originally MDR = 0 now 1/MDR = 1000"
"Shocket","MDR",15,288.15,0.027027027027027,NA,NA,NA,NA,"Cann",NA,"McDonald_1980_AusJofEco","",""
"Shocket","MDR",20,293.15,0.0594530321046373,NA,NA,NA,NA,"Cann",NA,"McDonald_1980_AusJofEco","",""
"Shocket","MDR",25,298.15,0.0741839762611276,NA,NA,NA,NA,"Cann",NA,"McDonald_1980_AusJofEco","",""
"Shocket","MDR",30,303.15,0.108108108108108,NA,NA,NA,NA,"Cann",NA,"McDonald_1980_AusJofEco","",""
"Shocket","MDR",35,308.15,0.116686114352392,NA,NA,NA,NA,"Cann",NA,"McDonald_1980_AusJofEco","",""
"Shocket","MDR",40,313.15,0.001,NA,NA,NA,NA,"Cann",NA,"McDonald_1980_AusJofEco","","was originally MDR = 0 now 1/MDR = 1000"
"Shocket","MDR",10,283.15,0.001,NA,NA,NA,NA,"Cpal",NA,"Mogi_1992_AnnalsoftheEnt.SocietyofAmerica","Results text","Day length co-varied with temperature - 10 hr for 15 degrees"
"Numazu_11","MDR",10,283.15,0.001,NA,NA,"Population","Auckland NZ","Cqui",NA,"Mogi_1992_AnnalsoftheEnt.SocietyofAmerica","Results text","Day length co-varied with temperature - 10 hr for 15 degrees"
"Numazu_11","MDR",10,283.15,0.001,NA,NA,"Population","Auckland NZ","Cqui",NA,"Mogi_1992_AnnalsoftheEnt.SocietyofAmerica","Results text","Day length co-varied with temperature - 10 hr for 15 degrees"
"Numazu_11","MDR",10,283.15,0.001,NA,NA,"Population","Suva Fiji","Cqui",NA,"Mogi_1992_AnnalsoftheEnt.SocietyofAmerica","Results text","Day length co-varied with temperature - 10 hr for 15 degrees"
"Shocket","MDR",15,288.15,0.001,NA,NA,NA,NA,"Cann",NA,"Mottram_1986_JAustEntSoc","","was originally MDR = 0 now 1/MDR = 1000"
"Shocket","MDR",20,293.15,0.0395256916996047,NA,NA,NA,NA,"Cann",NA,"Mottram_1986_JAustEntSoc","",""
"Shocket","MDR",25,298.15,0.0598802395209581,NA,NA,NA,NA,"Cann",NA,"Mottram_1986_JAustEntSoc","",""
"Shocket","MDR",30,303.15,0.0925925925925926,NA,NA,NA,NA,"Cann",NA,"Mottram_1986_JAustEntSoc","",""
"Shocket","MDR",35,308.15,0.140845070422535,NA,NA,NA,NA,"Cann",NA,"Mottram_1986_JAustEntSoc","",""
"Shocket","MDR",40,313.15,0.001,NA,NA,NA,NA,"Cann",NA,"Mottram_1986_JAustEntSoc","","was originally MDR = 0 now 1/MDR = 1000"
"Numazu_1","MDR",25,298.15,0.04995004995005,0.12,0.12,"insecticide concentration","0","Cqui",NA,"Mpho_2001_Chemosphere","Figure 1",""
"Numazu_1","MDR",25,298.15,0.050709939148073,0.12,0.12,"insecticide concentration","0.00011","Cqui",NA,"Mpho_2001_Chemosphere","Figure 1",""
"Numazu_1","MDR",30,303.15,0.0608642726719416,0.3,0.3,"insecticide concentration","0","Cqui",NA,"Mpho_2001_Chemosphere","Figure 1",""
"Numazu_1","MDR",30,303.15,0.0606428138265616,0.24,0.24,"insecticide concentration","0.00011","Cqui",NA,"Mpho_2001_Chemosphere","Figure 1",""
"Numazu_1","MDR",37,310.15,0.0790513833992095,0.18,0.18,"insecticide concentration","0","Cqui",NA,"Mpho_2001_Chemosphere","Figure 1",""
"Numazu_1","MDR",37,310.15,0.0783085356303837,0.3,0.3,"insecticide concentration","0.00011","Cqui",NA,"Mpho_2001_Chemosphere","Figure 1",""
"Shocket","MDR",25,298.15,0.0460405156537753,0.277,0.277,"Population","Kotta (field derived strain)","Cpip",NA,"Mpho_2002_EuroJEntom","Table 1",""
"Shocket","MDR",25,298.15,0.0517063081695967,0.644,0.644,"Population","Temix (insecticide resistant lab strain)","Cpip",NA,"Mpho_2002_EuroJEntom","Table 1",""
"Shocket","MDR",25,298.15,0.0498504486540379,0.16,0.16,"Population","S-lab (standard lab strain)","Cpip",NA,"Mpho_2002_EuroJEntom","Table 1",""
"Shocket","MDR",30,303.15,0.0545553737043099,0.191,0.191,"Population","Kotta (field derived strain)","Cpip",NA,"Mpho_2002_EuroJEntom","Table 1",""
"Shocket","MDR",30,303.15,0.0687285223367698,0.653,0.653,"Population","Temix (insecticide resistant lab strain)","Cpip",NA,"Mpho_2002_EuroJEntom","Table 1",""
"Shocket","MDR",30,303.15,0.0606060606060606,0.204,0.204,"Population","S-lab (standard lab strain)","Cpip",NA,"Mpho_2002_EuroJEntom","Table 1",""
"Shocket","MDR",37,310.15,0.0616142945163278,0.422,0.422,"Population","Kotta (field derived strain)","Cpip",NA,"Mpho_2002_EuroJEntom","Table 1",""
"Shocket","MDR",37,310.15,0.070323488045007,0.361,0.361,"Population","Temix (insecticide resistant lab strain)","Cpip",NA,"Mpho_2002_EuroJEntom","Table 1",""
"Shocket","MDR",37,310.15,0.0789265982636148,0.167,0.167,"Population","S-lab (standard lab strain)","Cpip",NA,"Mpho_2002_EuroJEntom","Table 1",""
"Verwillow_15","MDR",25,298.15,0.0548245614035088,0.42,0.42,NA,NA,"Cpip",NA,"Mpho_2002_Heredity","Results text",""
"Verwillow_15","MDR",30,303.15,0.0630517023959647,0.46,0.46,NA,NA,"Cpip",NA,"Mpho_2002_Heredity","Results text",""
"Verwillow_15","MDR",37,310.15,0.0667556742323097,0.42,0.42,NA,NA,"Cpip",NA,"Mpho_2002_Heredity","Results text",""
"Shocket","MDR",20,293.15,0.08,0.12,0.12,NA,NA,"Cres",NA,"Muturi_2011_JMedEntom","Table 3",""
"Shocket","MDR",25,298.15,0.128205128205128,0.08,0.08,NA,NA,"Cres",NA,"Muturi_2011_JMedEntom","Table 3",""
"Shocket","MDR",30,303.15,0.133333333333333,0.22,0.22,NA,NA,"Cres",NA,"Muturi_2011_JMedEntom","Table 3",""
"MordecaiPub","MDR",20,293.15,0.063694268,NA,NA,NA,NA,"Aalb",NA,"Muturi_et_al_2011_JMedEnto","",""
"MordecaiPub","MDR",20,293.15,0.064102564,NA,NA,NA,NA,"Aalb",NA,"Muturi_et_al_2011_JMedEnto","",""
"MordecaiPub","MDR",25,298.15,0.101626016,NA,NA,NA,NA,"Aalb",NA,"Muturi_et_al_2011_JMedEnto","",""
"MordecaiPub","MDR",25,298.15,0.035335689,NA,NA,NA,NA,"Aalb",NA,"Muturi_et_al_2011_JMedEnto","",""
"MordecaiPub","MDR",30,303.15,0.121506683,NA,NA,NA,NA,"Aalb",NA,"Muturi_et_al_2011_JMedEnto","",""
"MordecaiPub","MDR",30,303.15,0.063291139,NA,NA,NA,NA,"Aalb",NA,"Muturi_et_al_2011_JMedEnto","",""
"Numazu_5","MDR",15,288.15,0.0252079657171666,0.94,0.94,"density","1","Cmol",NA,"Olejnicek&Gelbic_2000_JofVectorEcology","Table 1","Cuba strain, females"
"Numazu_5","MDR",15,288.15,0.0174428745857317,3.3,3.3,"density","5","Cmol",NA,"Olejnicek&Gelbic_2000_JofVectorEcology","Table 1","Cuba strain, females"
"Numazu_5","MDR",15,288.15,0.0149253731343284,7.52,7.52,"density","10","Cmol",NA,"Olejnicek&Gelbic_2000_JofVectorEcology","Table 1","Cuba strain, females"
"Numazu_6","MDR",15,288.15,0.0209424083769634,4.44,4.44,"density","1","Cmol",NA,"Olejnicek&Gelbic_2000_JofVectorEcology","Table 2","Mosul strain, females"
"Numazu_6","MDR",15,288.15,0.0214270409256482,3.35,3.35,"density","5","Cmol",NA,"Olejnicek&Gelbic_2000_JofVectorEcology","Table 2","Mosul strain, females"
"Numazu_6","MDR",15,288.15,0.02,4.24,4.24,"density","10","Cmol",NA,"Olejnicek&Gelbic_2000_JofVectorEcology","Table 2","Mosul strain, females"
"Numazu_5","MDR",22,295.15,0.051948051948052,1.92,1.92,"density","1","Cmol",NA,"Olejnicek&Gelbic_2000_JofVectorEcology","Table 1","Cuba strain, females"
"Numazu_5","MDR",22,295.15,0.0526315789473684,0.63,0.63,"density","5","Cmol",NA,"Olejnicek&Gelbic_2000_JofVectorEcology","Table 1","Cuba strain, females"
"Numazu_5","MDR",22,295.15,0.0389559797428905,0.94,0.94,"density","10","Cmol",NA,"Olejnicek&Gelbic_2000_JofVectorEcology","Table 1","Cuba strain, females"
"Numazu_6","MDR",22,295.15,0.0423370025402202,1.94,1.94,"density","1","Cmol",NA,"Olejnicek&Gelbic_2000_JofVectorEcology","Table 2","Mosul strain, females"
"Numazu_6","MDR",22,295.15,0.032258064516129,3.96,3.96,"density","5","Cmol",NA,"Olejnicek&Gelbic_2000_JofVectorEcology","Table 2","Mosul strain, females"
"Numazu_6","MDR",22,295.15,0.0266666666666667,2.22,2.22,"density","10","Cmol",NA,"Olejnicek&Gelbic_2000_JofVectorEcology","Table 2","Mosul strain, females"
"Numazu_5","MDR",30,303.15,0.0736377025036819,0.64,0.64,"density","1","Cmol",NA,"Olejnicek&Gelbic_2000_JofVectorEcology","Table 1","Cuba strain, females"
"Numazu_5","MDR",30,303.15,0.0711237553342816,2.52,2.52,"density","5","Cmol",NA,"Olejnicek&Gelbic_2000_JofVectorEcology","Table 1","Cuba strain, females"
"Numazu_5","MDR",30,303.15,0.0647249190938511,3.51,3.51,"density","10","Cmol",NA,"Olejnicek&Gelbic_2000_JofVectorEcology","Table 1","Cuba strain, females"
"Numazu_6","MDR",30,303.15,0.0753579502637528,0.45,0.45,"density","1","Cmol",NA,"Olejnicek&Gelbic_2000_JofVectorEcology","Table 2","Mosul strain, females"
"Numazu_6","MDR",30,303.15,0.0704225352112676,1.6,1.6,"density","5","Cmol",NA,"Olejnicek&Gelbic_2000_JofVectorEcology","Table 2","Mosul strain, females"
"Numazu_6","MDR",30,303.15,0.0666666666666667,0.71,0.71,"density","10","Cmol",NA,"Olejnicek&Gelbic_2000_JofVectorEcology","Table 2","Mosul strain, females"
"Shocket","MDR",18,291.15,0.0333333333333333,NA,NA,NA,NA,"Cann",NA,"Rae_1990_J_Med_Entom","",""
"Shocket","MDR",24.5,297.65,0.0869565217391304,NA,NA,NA,NA,"Cann",NA,"Rae_1990_J_Med_Entom","",""
"Shocket","MDR",28.5,301.65,0.108108108108108,NA,NA,NA,NA,"Cann",NA,"Rae_1990_J_Med_Entom","",""
"Shocket","MDR",35,308.15,0.166666666666667,NA,NA,NA,NA,"Cann",NA,"Rae_1990_J_Med_Entom","",""
"Numazu_6","MDR",14,287.15,0.0294117647058824,NA,NA,"Population","Coachella Valley","Ctar",NA,"Reisen_1995_JMedEntomol","Table 2",""
"Numazu_6","MDR",14,287.15,0.0333333333333333,NA,NA,"Population","Coachella Valley","Ctar",NA,"Reisen_1995_JMedEntomol","Table 2",""
"Numazu_6","MDR",14,287.15,0.0285714285714286,NA,NA,"Population","Coachella Valley","Ctar",NA,"Reisen_1995_JMedEntomol","Table 2",""
"Numazu_6","MDR",14,287.15,0.0277777777777778,NA,NA,"Population","San Joaquin Valley","Ctar",NA,"Reisen_1995_JMedEntomol","Table 2",""
"Numazu_6","MDR",14,287.15,0.0285714285714286,NA,NA,"Population","San Joaquin Valley","Ctar",NA,"Reisen_1995_JMedEntomol","Table 2",""
"Numazu_3","MDR",15,288.15,0.0374531835205993,NA,NA,"Population","Coachella Valley","Ctar",NA,"Reisen_1995_JMedEntomol","Table 1",""
"Numazu_3","MDR",15,288.15,0.0343642611683849,NA,NA,"Population","San Joaquin Valley","Ctar",NA,"Reisen_1995_JMedEntomol","Table 1",""
"Numazu_3","MDR",20,293.15,0.0510204081632653,NA,NA,"Population","Coachella Valley","Ctar",NA,"Reisen_1995_JMedEntomol","Table 1",""
"Numazu_3","MDR",20,293.15,0.0446428571428571,NA,NA,"Population","San Joaquin Valley","Ctar",NA,"Reisen_1995_JMedEntomol","Table 1",""
"Numazu_6","MDR",20,293.15,0.04,NA,NA,"Population","Coachella Valley","Ctar",NA,"Reisen_1995_JMedEntomol","Table 2",""
"Numazu_6","MDR",20,293.15,0.0526315789473684,NA,NA,"Population","Coachella Valley","Ctar",NA,"Reisen_1995_JMedEntomol","Table 2",""
"Numazu_6","MDR",20,293.15,0.04,NA,NA,"Population","Coachella Valley","Ctar",NA,"Reisen_1995_JMedEntomol","Table 2",""
"Numazu_6","MDR",20,293.15,0.04,NA,NA,"Population","San Joaquin Valley","Ctar",NA,"Reisen_1995_JMedEntomol","Table 2",""
"Numazu_6","MDR",20,293.15,0.05,NA,NA,"Population","San Joaquin Valley","Ctar",NA,"Reisen_1995_JMedEntomol","Table 2",""
"Numazu_6","MDR",20,293.15,0.0416666666666667,NA,NA,"Population","San Joaquin Valley","Ctar",NA,"Reisen_1995_JMedEntomol","Table 2",""
"Numazu_3","MDR",25,298.15,0.0793650793650794,NA,NA,"Population","Coachella Valley","Ctar",NA,"Reisen_1995_JMedEntomol","Table 1",""
"Numazu_3","MDR",25,298.15,0.0617283950617284,NA,NA,"Population","San Joaquin Valley","Ctar",NA,"Reisen_1995_JMedEntomol","Table 1",""
"Numazu_6","MDR",26,299.15,0.0833333333333333,NA,NA,"Population","Coachella Valley","Ctar",NA,"Reisen_1995_JMedEntomol","Table 2",""
"Numazu_6","MDR",26,299.15,0.0909090909090909,NA,NA,"Population","Coachella Valley","Ctar",NA,"Reisen_1995_JMedEntomol","Table 2",""
"Numazu_6","MDR",26,299.15,0.0714285714285714,NA,NA,"Population","Coachella Valley","Ctar",NA,"Reisen_1995_JMedEntomol","Table 2",""
"Numazu_6","MDR",26,299.15,0.0714285714285714,NA,NA,"Population","San Joaquin Valley","Ctar",NA,"Reisen_1995_JMedEntomol","Table 2",""
"Numazu_6","MDR",26,299.15,0.0833333333333333,NA,NA,"Population","San Joaquin Valley","Ctar",NA,"Reisen_1995_JMedEntomol","Table 2",""
"Numazu_6","MDR",26,299.15,0.0666666666666667,NA,NA,"Population","San Joaquin Valley","Ctar",NA,"Reisen_1995_JMedEntomol","Table 2",""
"Numazu_3","MDR",30,303.15,0.0943396226415094,NA,NA,"Population","Coachella Valley","Ctar",NA,"Reisen_1995_JMedEntomol","Table 1",""
"Numazu_3","MDR",30,303.15,0.0961538461538461,NA,NA,"Population","San Joaquin Valley","Ctar",NA,"Reisen_1995_JMedEntomol","Table 1",""
"Numazu_6","MDR",32,305.15,0.111111111111111,NA,NA,"Population","Coachella Valley","Ctar",NA,"Reisen_1995_JMedEntomol","Table 2",""
"Numazu_6","MDR",32,305.15,0.111111111111111,NA,NA,"Population","Coachella Valley","Ctar",NA,"Reisen_1995_JMedEntomol","Table 2",""
"Numazu_6","MDR",32,305.15,0.0909090909090909,NA,NA,"Population","Coachella Valley","Ctar",NA,"Reisen_1995_JMedEntomol","Table 2",""
"Numazu_6","MDR",32,305.15,0.125,NA,NA,"Population","San Joaquin Valley","Ctar",NA,"Reisen_1995_JMedEntomol","Table 2",""
"Numazu_6","MDR",32,305.15,0.0909090909090909,NA,NA,"Population","San Joaquin Valley","Ctar",NA,"Reisen_1995_JMedEntomol","Table 2",""
"Numazu_6","MDR",32,305.15,0.0833333333333333,NA,NA,"Population","San Joaquin Valley","Ctar",NA,"Reisen_1995_JMedEntomol","Table 2",""
"Numazu_3","MDR",35,308.15,0.102040816326531,NA,NA,"Population","Coachella Valley","Ctar",NA,"Reisen_1995_JMedEntomol","Table 1",""
"Numazu_3","MDR",35,308.15,0.0925925925925926,NA,NA,"Population","San Joaquin Valley","Ctar",NA,"Reisen_1995_JMedEntomol","Table 1",""
"MordecaiPub","MDR",15,288.15,0.01807,NA,NA,NA,NA,"Aaeg",NA,"Rueda_et_al_1990_EntSocAm","",""
"MordecaiPub","MDR",20,293.15,0.08045,NA,NA,NA,NA,"Aaeg",NA,"Rueda_et_al_1990_EntSocAm","",""
"MordecaiPub","MDR",25,298.15,0.15723,NA,NA,NA,NA,"Aaeg",NA,"Rueda_et_al_1990_EntSocAm","",""
"MordecaiPub","MDR",27,300.15,0.08532,NA,NA,NA,NA,"Aaeg",NA,"Rueda_et_al_1990_EntSocAm","",""
"MordecaiPub","MDR",30,303.15,0.14577,NA,NA,NA,NA,"Aaeg",NA,"Rueda_et_al_1990_EntSocAm","",""
"MordecaiPub","MDR",34,307.15,0.1626,NA,NA,NA,NA,"Aaeg",NA,"Rueda_et_al_1990_EntSocAm","",""
"Numazu_1","MDR",15,288.15,0.0318979266347687,0.46,0.46,NA,NA,"Cqui",NA,"Rueda_Patel_Axtell_Stinner_1990_JMedEntomol","Table 1",""
"Numazu_1","MDR",20,293.15,0.0828500414250207,0.14,0.14,NA,NA,"Cqui",NA,"Rueda_Patel_Axtell_Stinner_1990_JMedEntomol","Table 1",""
"Numazu_1","MDR",25,298.15,0.0950570342205323,0.12,0.12,NA,NA,"Cqui",NA,"Rueda_Patel_Axtell_Stinner_1990_JMedEntomol","Table 1",""
"Numazu_1","MDR",27,300.15,0.141442715700141,0.05,0.05,NA,NA,"Cqui",NA,"Rueda_Patel_Axtell_Stinner_1990_JMedEntomol","Table 1",""
"Numazu_1","MDR",30,303.15,0.13869625520111,0.06,0.06,NA,NA,"Cqui",NA,"Rueda_Patel_Axtell_Stinner_1990_JMedEntomol","Table 1",""
"Numazu_1","MDR",34,307.15,0.141242937853107,0.06,0.06,NA,NA,"Cqui",NA,"Rueda_Patel_Axtell_Stinner_1990_JMedEntomol","Table 1",""
"Shocket","MDR",16,289.15,0.048780487804878,20.1,20.9,"Population","Low elevation","Cpip",NA,"Ruybal_2016_Paras&Vec","Figure 2",""
"Shocket","MDR",16,289.15,0.0444444444444444,22.3,22.7,"Population","Mid latitude","Cpip",NA,"Ruybal_2016_Paras&Vec","Figure 2",""
"Shocket","MDR",16,289.15,0.0467289719626168,20.8,21.9,"Population","Mid elevation","Cpip",NA,"Ruybal_2016_Paras&Vec","Figure 2",""
"Shocket","MDR",16,289.15,0.0446428571428571,NA,NA,"Population","High elevation","Cpip",NA,"Ruybal_2016_Paras&Vec","Figure 2",""
"Shocket","MDR",20,293.15,0.0763358778625954,13,13.3,"Population","Low elevation","Cpip",NA,"Ruybal_2016_Paras&Vec","Figure 2",""
"Shocket","MDR",20,293.15,0.0709219858156028,14,14.3,"Population","Mid latitude","Cpip",NA,"Ruybal_2016_Paras&Vec","Figure 2",""
"Shocket","MDR",20,293.15,0.0735294117647059,13.2,14,"Population","Mid elevation","Cpip",NA,"Ruybal_2016_Paras&Vec","Figure 2",""
"Shocket","MDR",20,293.15,0.0699300699300699,NA,NA,"Population","High elevation","Cpip",NA,"Ruybal_2016_Paras&Vec","Figure 2",""
"Shocket","MDR",24,297.15,0.101010101010101,9.7,10.2,"Population","Low elevation","Cpip",NA,"Ruybal_2016_Paras&Vec","Figure 2",""
"Shocket","MDR",24,297.15,0.0909090909090909,10.9,11.1,"Population","Mid latitude","Cpip",NA,"Ruybal_2016_Paras&Vec","Figure 2",""
"Shocket","MDR",24,297.15,0.0980392156862745,9.8,10.6,"Population","Mid elevation","Cpip",NA,"Ruybal_2016_Paras&Vec","Figure 2",""
"Shocket","MDR",24,297.15,0.0934579439252337,NA,NA,"Population","High elevation","Cpip",NA,"Ruybal_2016_Paras&Vec","Figure 2",""
"Shocket","MDR",27,300.15,0.112359550561798,8.8,9.1,"Population","Low elevation","Cpip",NA,"Ruybal_2016_Paras&Vec","Figure 2",""
"Shocket","MDR",27,300.15,0.0934579439252337,10.4,10.9,"Population","Mid latitude","Cpip",NA,"Ruybal_2016_Paras&Vec","Figure 2",""
"Shocket","MDR",27,300.15,0.112359550561798,8.7,9.1,"Population","Mid elevation","Cpip",NA,"Ruybal_2016_Paras&Vec","Figure 2",""
"Shocket","MDR",27,300.15,0.102040816326531,NA,NA,"Population","High elevation","Cpip",NA,"Ruybal_2016_Paras&Vec","Figure 2",""
"Shocket","MDR",31,304.15,0.120481927710843,8.2,8.3,"Population","Low elevation","Cpip",NA,"Ruybal_2016_Paras&Vec","Figure 2",""
"Shocket","MDR",31,304.15,0.105263157894737,9.2,9.7,"Population","Mid latitude","Cpip",NA,"Ruybal_2016_Paras&Vec","Figure 2",""
"Shocket","MDR",31,304.15,0.120481927710843,8.1,8.6,"Population","Mid elevation","Cpip",NA,"Ruybal_2016_Paras&Vec","Figure 2",""
"Shocket","MDR",31,304.15,0.105263157894737,NA,NA,"Population","High elevation","Cpip",NA,"Ruybal_2016_Paras&Vec","Figure 2",""
"Shocket","MDR",12,285.15,0.001,NA,NA,NA,NA,"Asol",NA,"Shelton_1973_MosquitoNews","Figure 7","Did not complete development"
"Shocket","MDR",15,288.15,0.0518134715025907,NA,NA,NA,NA,"Asol",NA,"Shelton_1973_MosquitoNews","Figure 7",""
"Shocket","MDR",20,293.15,0.0826446280991736,NA,NA,NA,NA,"Asol",NA,"Shelton_1973_MosquitoNews","Figure 7",""
"Shocket","MDR",23,296.15,0.12987012987013,NA,NA,NA,NA,"Asol",NA,"Shelton_1973_MosquitoNews","Figure 7",""
"Shocket","MDR",26,299.15,0.166666666666667,NA,NA,NA,NA,"Asol",NA,"Shelton_1973_MosquitoNews","Figure 7",""
"Shocket","MDR",29,302.15,0.192307692307692,NA,NA,NA,NA,"Asol",NA,"Shelton_1973_MosquitoNews","Figure 7",""
"Shocket","MDR",32,305.15,0.208333333333333,NA,NA,NA,NA,"Asol",NA,"Shelton_1973_MosquitoNews","Figure 7",""
"Shocket","MDR",35,308.15,0.208333333333333,NA,NA,NA,NA,"Asol",NA,"Shelton_1973_MosquitoNews","Figure 7",""
"Numazu","MDR",12,285.15,0.001,NA,NA,NA,NA,"Atri",NA,"Shelton_1973_MosquitoNews","Figure 8","Did not complete development"
"Numazu","MDR",15,288.15,0.0462962962962963,NA,NA,NA,NA,"Atri",NA,"Shelton_1973_MosquitoNews","Figure 8",""
"Numazu","MDR",20,293.15,0.072463768115942,NA,NA,NA,NA,"Atri",NA,"Shelton_1973_MosquitoNews","Figure 8",""
"Numazu","MDR",23,296.15,0.0909090909090909,NA,NA,NA,NA,"Atri",NA,"Shelton_1973_MosquitoNews","Figure 8",""
"Numazu","MDR",26,299.15,0.0925925925925926,NA,NA,NA,NA,"Atri",NA,"Shelton_1973_MosquitoNews","Figure 8",""
"Numazu","MDR",29,302.15,0.0909090909090909,NA,NA,NA,NA,"Atri",NA,"Shelton_1973_MosquitoNews","Figure 8",""
"Numazu","MDR",32,305.15,0.1,NA,NA,NA,NA,"Atri",NA,"Shelton_1973_MosquitoNews","Figure 8",""
"Numazu","MDR",35,308.15,0.001,NA,NA,NA,NA,"Atri",NA,"Shelton_1973_MosquitoNews","Figure 8","Did not complete development"
"Numazu","MDR",12,285.15,0.0597014925373134,NA,NA,NA,NA,"Cqui",NA,"Shelton_1973_MosquitoNews","Figure 3",""
"Numazu","MDR",15,288.15,0.0870322019147084,NA,NA,NA,NA,"Cqui",NA,"Shelton_1973_MosquitoNews","Figure 3",""
"Numazu","MDR",20,293.15,0.125628140703518,NA,NA,NA,NA,"Cqui",NA,"Shelton_1973_MosquitoNews","Figure 3",""
"Numazu","MDR",23,296.15,0.125470514429109,NA,NA,NA,NA,"Cqui",NA,"Shelton_1973_MosquitoNews","Figure 3",""
"Numazu","MDR",26,299.15,0.133868808567604,NA,NA,NA,NA,"Cqui",NA,"Shelton_1973_MosquitoNews","Figure 3",""
"Numazu","MDR",29,302.15,0.155038759689922,NA,NA,NA,NA,"Cqui",NA,"Shelton_1973_MosquitoNews","Figure 3",""
"Numazu","MDR",32,305.15,0.143472022955524,NA,NA,NA,NA,"Cqui",NA,"Shelton_1973_MosquitoNews","Figure 3",""
"Numazu","MDR",35,308.15,0.001,NA,NA,NA,NA,"Cqui",NA,"Shelton_1973_MosquitoNews","Figure 3","Did not complete development"
"Shocket","MDR",12,285.15,0.0395256916996047,NA,NA,NA,NA,"Cres",NA,"Shelton_1973_MosquitoNews","Figure 2",""
"Shocket","MDR",15,288.15,0.0769230769230769,NA,NA,NA,NA,"Cres",NA,"Shelton_1973_MosquitoNews","Figure 2",""
"Shocket","MDR",20,293.15,0.0980392156862745,NA,NA,NA,NA,"Cres",NA,"Shelton_1973_MosquitoNews","Figure 2",""
"Shocket","MDR",23,296.15,0.111111111111111,NA,NA,NA,NA,"Cres",NA,"Shelton_1973_MosquitoNews","Figure 2",""
"Shocket","MDR",26,299.15,0.149253731343284,NA,NA,NA,NA,"Cres",NA,"Shelton_1973_MosquitoNews","Figure 2",""
"Shocket","MDR",29,302.15,0.15625,NA,NA,NA,NA,"Cres",NA,"Shelton_1973_MosquitoNews","Figure 2",""
"Shocket","MDR",32,305.15,0.001,NA,NA,NA,NA,"Cres",NA,"Shelton_1973_MosquitoNews","Figure 2","Did not complete development"
"Shocket","MDR",35,308.15,0.001,NA,NA,NA,NA,"Cres",NA,"Shelton_1973_MosquitoNews","Figure 2","Did not complete development"
"Shocket","MDR",12,285.15,0.0277777777777778,NA,NA,NA,NA,"Csal",NA,"Shelton_1973_MosquitoNews","Figure 4",""
"Shocket","MDR",15,288.15,0.0364963503649635,NA,NA,NA,NA,"Csal",NA,"Shelton_1973_MosquitoNews","Figure 4",""
"Shocket","MDR",20,293.15,0.0746268656716418,NA,NA,NA,NA,"Csal",NA,"Shelton_1973_MosquitoNews","Figure 4",""
"Shocket","MDR",23,296.15,0.0884955752212389,NA,NA,NA,NA,"Csal",NA,"Shelton_1973_MosquitoNews","Figure 4",""
"Shocket","MDR",26,299.15,0.078740157480315,NA,NA,NA,NA,"Csal",NA,"Shelton_1973_MosquitoNews","Figure 4",""
"Shocket","MDR",29,302.15,0.106382978723404,NA,NA,NA,NA,"Csal",NA,"Shelton_1973_MosquitoNews","Figure 4",""
"Shocket","MDR",32,305.15,0.001,NA,NA,NA,NA,"Csal",NA,"Shelton_1973_MosquitoNews","Figure 4",""
"Shocket","MDR",35,308.15,0.001,NA,NA,NA,NA,"Csal",NA,"Shelton_1973_MosquitoNews","Figure 4","Did not complete development"
"Shocket","MDR",10,283.15,0.015625,3.8,3.8,NA,NA,"Cpip",NA,"Teckle_1960_AJTMH","Table 1",""
"Shocket","MDR",15,288.15,0.0208333333333333,1.94,1.94,NA,NA,"Cpip",NA,"Teckle_1960_AJTMH","Table 1",""
"Shocket","MDR",20,293.15,0.0384615384615385,1.45,1.45,NA,NA,"Cpip",NA,"Teckle_1960_AJTMH","Table 1",""
"Shocket","MDR",25,298.15,0.0714285714285714,0.72,0.72,NA,NA,"Cpip",NA,"Teckle_1960_AJTMH","Table 1",""
"Shocket","MDR",30,303.15,0.0833333333333333,0.24,0.24,NA,NA,"Cpip",NA,"Teckle_1960_AJTMH","Table 1",""
"Shocket","MDR",35,308.15,0.001,NA,NA,NA,NA,"Cpip",NA,"Teckle_1960_AJTMH","Table 1",""
"Shocket","MDR",10,283.15,0.0166666666666667,3.1,3.1,NA,NA,"Cqui",NA,"Teckle_1960_AJTMH","Table 1","Used old name fatigans which is now synonymous with quinquefasciatus"
"Shocket","MDR",15,288.15,0.024390243902439,0.97,0.97,NA,NA,"Cqui",NA,"Teckle_1960_AJTMH","Table 1","Used old name fatigans which is now synonymous with quinquefasciatus"
"Shocket","MDR",20,293.15,0.0454545454545455,0.48,0.48,NA,NA,"Cqui",NA,"Teckle_1960_AJTMH","Table 1","Used old name fatigans which is now synonymous with quinquefasciatus"
"Shocket","MDR",25,298.15,0.0769230769230769,0.43,0.43,NA,NA,"Cqui",NA,"Teckle_1960_AJTMH","Table 1","Used old name fatigans which is now synonymous with quinquefasciatus"
"Shocket","MDR",30,303.15,0.0909090909090909,0.46,0.46,NA,NA,"Cqui",NA,"Teckle_1960_AJTMH","Table 1","Used old name fatigans which is now synonymous with quinquefasciatus"
"Shocket","MDR",35,308.15,0.125,0.48,0.48,NA,NA,"Cqui",NA,"Teckle_1960_AJTMH","Table 1","Used old name fatigans which is now synonymous with quinquefasciatus"
"Shocket","MDR",19,292.15,0.0286532951289398,0.4,0.4,"Photoperiod","15 L","Trut",NA,"Trimble_1979_CanJZoo","Table 1","Louisiana population"
"Shocket","MDR",19,292.15,0.031055900621118,0.2,0.2,"Photoperiod","13 L","Trut",NA,"Trimble_1979_CanJZoo","Table 1","Louisiana population"
"Shocket","MDR",19,292.15,0.0280112044817927,0.4,0.4,"Photoperiod","12 L","Trut",NA,"Trimble_1979_CanJZoo","Table 1","Louisiana population"
"Shocket","MDR",19,292.15,0.0280898876404494,0.5,0.5,"Photoperiod","11.25 L","Trut",NA,"Trimble_1979_CanJZoo","Table 1","Louisiana population"
"Shocket","MDR",19,292.15,0.032258064516129,0.4,0.4,"Photoperiod","15 L","Trut",NA,"Trimble_1979_CanJZoo","Table 1","Louisiana population"
"Shocket","MDR",19,292.15,0.0352112676056338,0.2,0.2,"Photoperiod","13 L","Trut",NA,"Trimble_1979_CanJZoo","Table 1","Louisiana population"
"Shocket","MDR",19,292.15,0.0315457413249211,0.4,0.4,"Photoperiod","12 L","Trut",NA,"Trimble_1979_CanJZoo","Table 1","Louisiana population"
"Shocket","MDR",19,292.15,0.0315457413249211,0.5,0.5,"Photoperiod","11.25 L","Trut",NA,"Trimble_1979_CanJZoo","Table 1","Louisiana population"
"Shocket","MDR",19,292.15,0.0303951367781155,0.3,0.3,"Photoperiod","16 L","Trut",NA,"Trimble_1979_CanJZoo","Table 3","Delaware population"
"Shocket","MDR",19,292.15,0.0303951367781155,0.3,0.3,"Photoperiod","13 L","Trut",NA,"Trimble_1979_CanJZoo","Table 3","Delaware population"
"Shocket","MDR",19,292.15,0.0268096514745308,0.5,0.5,"Photoperiod","12 L","Trut",NA,"Trimble_1979_CanJZoo","Table 3","Delaware population"
"Shocket","MDR",19,292.15,0.027027027027027,0.5,0.5,"Photoperiod","11.25 L","Trut",NA,"Trimble_1979_CanJZoo","Table 3","Delaware population"
"Shocket","MDR",19,292.15,0.0240963855421687,0.9,0.9,"Photoperiod","10.5 L","Trut",NA,"Trimble_1979_CanJZoo","Table 3","Delaware population"
"Shocket","MDR",19,292.15,0.0347222222222222,0.3,0.3,"Photoperiod","16 L","Trut",NA,"Trimble_1979_CanJZoo","Table 3","Delaware population"
"Shocket","MDR",19,292.15,0.0346020761245675,0.3,0.3,"Photoperiod","13 L","Trut",NA,"Trimble_1979_CanJZoo","Table 3","Delaware population"
"Shocket","MDR",19,292.15,0.0320512820512821,0.5,0.5,"Photoperiod","12 L","Trut",NA,"Trimble_1979_CanJZoo","Table 3","Delaware population"
"Shocket","MDR",19,292.15,0.0297619047619048,0.5,0.5,"Photoperiod","11.25 L","Trut",NA,"Trimble_1979_CanJZoo","Table 3","Delaware population"
"Shocket","MDR",19,292.15,0.0279329608938548,0.9,0.9,"Photoperiod","10.5 L","Trut",NA,"Trimble_1979_CanJZoo","Table 3","Delaware population"
"Shocket","MDR",27,300.15,0.0561797752808989,0.1,0.1,"Photoperiod","15 L","Trut",NA,"Trimble_1979_CanJZoo","Table 2","Louisiana population"
"Shocket","MDR",27,300.15,0.0574712643678161,0.2,0.2,"Photoperiod","13 L","Trut",NA,"Trimble_1979_CanJZoo","Table 2","Louisiana population"
"Shocket","MDR",27,300.15,0.0578034682080925,0.1,0.1,"Photoperiod","11.25 L","Trut",NA,"Trimble_1979_CanJZoo","Table 2","Louisiana population"
"Shocket","MDR",27,300.15,0.0632911392405063,0.1,0.1,"Photoperiod","15 L","Trut",NA,"Trimble_1979_CanJZoo","Table 2","Louisiana population"
"Shocket","MDR",27,300.15,0.0645161290322581,0.2,0.2,"Photoperiod","13 L","Trut",NA,"Trimble_1979_CanJZoo","Table 2","Louisiana population"
"Shocket","MDR",27,300.15,0.065359477124183,0.1,0.1,"Photoperiod","11.25 L","Trut",NA,"Trimble_1979_CanJZoo","Table 2","Louisiana population"
"Shocket","MDR",27,300.15,0.0609756097560976,0.2,0.2,"Photoperiod","16 L","Trut",NA,"Trimble_1979_CanJZoo","Table 4","Delaware population"
"Shocket","MDR",27,300.15,0.0555555555555556,0.2,0.2,"Photoperiod","13 L","Trut",NA,"Trimble_1979_CanJZoo","Table 4","Delaware population"
"Shocket","MDR",27,300.15,0.0510204081632653,0.2,0.2,"Photoperiod","12 L","Trut",NA,"Trimble_1979_CanJZoo","Table 4","Delaware population"
"Shocket","MDR",27,300.15,0.0558659217877095,0.1,0.1,"Photoperiod","11.25 L","Trut",NA,"Trimble_1979_CanJZoo","Table 4","Delaware population"
"Shocket","MDR",27,300.15,0.0558659217877095,0.2,0.2,"Photoperiod","10.5 L","Trut",NA,"Trimble_1979_CanJZoo","Table 4","Delaware population"
"Shocket","MDR",27,300.15,0.0694444444444444,0.2,0.2,"Photoperiod","16 L","Trut",NA,"Trimble_1979_CanJZoo","Table 4","Delaware population"
"Shocket","MDR",27,300.15,0.062111801242236,0.2,0.2,"Photoperiod","13 L","Trut",NA,"Trimble_1979_CanJZoo","Table 4","Delaware population"
"Shocket","MDR",27,300.15,0.0552486187845304,0.2,0.2,"Photoperiod","12 L","Trut",NA,"Trimble_1979_CanJZoo","Table 4","Delaware population"
"Shocket","MDR",27,300.15,0.0628930817610063,0.1,0.1,"Photoperiod","11.25 L","Trut",NA,"Trimble_1979_CanJZoo","Table 4","Delaware population"
"Shocket","MDR",27,300.15,0.0625,0.2,0.2,"Photoperiod","10.5 L","Trut",NA,"Trimble_1979_CanJZoo","Table 4","Delaware population"
"Numazu_12","MDR",5,278.15,0.001,NA,NA,NA,NA,"Avex",NA,"Trpis&Shemanchuk_1970_TheCanadianEntomologist","Results text","All larvae died in 1st instar"
"Numazu_12","MDR",10,283.15,0.0232558139534884,NA,NA,NA,NA,"Avex",NA,"Trpis&Shemanchuk_1970_TheCanadianEntomologist","Figure 1","Median time to pupation"
"Numazu_12","MDR",15,288.15,0.0588235294117647,NA,NA,NA,NA,"Avex",NA,"Trpis&Shemanchuk_1970_TheCanadianEntomologist","Figure 2","Median time to pupation"
"Numazu_12","MDR",20,293.15,0.125,NA,NA,NA,NA,"Avex",NA,"Trpis&Shemanchuk_1970_TheCanadianEntomologist","Figure 3","Median time to pupation"
"Numazu_12","MDR",25,298.15,0.166666666666667,NA,NA,NA,NA,"Avex",NA,"Trpis&Shemanchuk_1970_TheCanadianEntomologist","Figure 4","Median time to pupation"
"Numazu_12","MDR",30,303.15,0.166666666666667,NA,NA,NA,NA,"Avex",NA,"Trpis&Shemanchuk_1970_TheCanadianEntomologist","Figure 5","Median time to pupation"
"MordecaiPub","MDR",15,288.15,0.02519,NA,NA,NA,NA,"Aaeg",NA,"Tun-Lin_et_al_2000_MedVetEnto","",""
"MordecaiPub","MDR",20,293.15,0.07299,NA,NA,NA,NA,"Aaeg",NA,"Tun-Lin_et_al_2000_MedVetEnto","",""
"MordecaiPub","MDR",25,298.15,0.10309,NA,NA,NA,NA,"Aaeg",NA,"Tun-Lin_et_al_2000_MedVetEnto","",""
"MordecaiPub","MDR",30,303.15,0.11905,NA,NA,NA,NA,"Aaeg",NA,"Tun-Lin_et_al_2000_MedVetEnto","",""
"MordecaiPub","MDR",35,308.15,0.13889,NA,NA,NA,NA,"Aaeg",NA,"Tun-Lin_et_al_2000_MedVetEnto","",""
"MordecaiPub","MDR",18,291.15,0.040816327,NA,NA,NA,NA,"Aalb",NA,"Westbrook_et_al_2010_VecBorn&ZooDis","",""
"MordecaiPub","MDR",24,297.15,0.090909091,NA,NA,NA,NA,"Aalb",NA,"Westbrook_et_al_2010_VecBorn&ZooDis","",""
"MordecaiPub","MDR",32,305.15,0.111111111,NA,NA,NA,NA,"Aalb",NA,"Westbrook_et_al_2010_VecBorn&ZooDis","",""
"MordecaiPub","MDR",22,295.15,0.075543232,NA,NA,NA,NA,"Aalb",NA,"Westbrook_Thesis_2010","",""
"MordecaiPub","MDR",22,295.15,0.091743119,NA,NA,NA,NA,"Aalb",NA,"Westbrook_Thesis_2010","",""
"MordecaiPub","MDR",27,300.15,0.10843753,NA,NA,NA,NA,"Aalb",NA,"Westbrook_Thesis_2010","",""
"MordecaiPub","MDR",27,300.15,0.135869565,NA,NA,NA,NA,"Aalb",NA,"Westbrook_Thesis_2010","",""
"MordecaiPub","MDR",32,305.15,0.121396268,NA,NA,NA,NA,"Aalb",NA,"Westbrook_Thesis_2010","",""
"MordecaiPub","MDR",32,305.15,0.158227848,NA,NA,NA,NA,"Aalb",NA,"Westbrook_Thesis_2010","",""
"Shocket","MDR",15,288.15,0.0204918032786885,NA,NA,"water type","Tap","Anot",NA,"Williams_2011_AusJEntrom","",""
"Shocket","MDR",15,288.15,0.0645161290322581,NA,NA,"water type","Rain","Anot",NA,"Williams_2011_AusJEntrom","",""
"Shocket","MDR",18,291.15,0.0245098039215686,NA,NA,"water type","Tap","Anot",NA,"Williams_2011_AusJEntrom","",""
"Shocket","MDR",18,291.15,0.0617283950617284,NA,NA,"water type","Rain","Anot",NA,"Williams_2011_AusJEntrom","",""
"Shocket","MDR",25,298.15,0.036101083032491,NA,NA,"water type","Tap","Anot",NA,"Williams_2011_AusJEntrom","",""
"Shocket","MDR",25,298.15,0.1,NA,NA,"water type","Rain","Anot",NA,"Williams_2011_AusJEntrom","",""
"Shocket","MDR",29,302.15,0.131578947368421,NA,NA,"water type","Tap","Anot",NA,"Williams_2011_AusJEntrom","",""
"Shocket","MDR",29,302.15,0.147058823529412,NA,NA,"water type","Rain","Anot",NA,"Williams_2011_AusJEntrom","",""
"MordecaiPub","MDR",25,298.15,0.094382022,NA,NA,NA,NA,"Aalb",NA,"Witwatana_Kittayaong_2006_Med&VetEnt","",""
"MordecaiPub","MDR",37,310.15,0.130508475,NA,NA,NA,NA,"Aalb",NA,"Witwatana_Kittayaong_2006_Med&VetEnt","",""
"MordecaiPub","MDR",21,294.15,0.04376784,NA,NA,NA,NA,"Aalb",NA,"Yee_et al_2016 JAE_in_review","",""
"MordecaiPub","MDR",21,294.15,0.048780488,NA,NA,NA,NA,"Aalb",NA,"Yee_et al_2016 JAE_in_review","",""
"MordecaiPub","MDR",21,294.15,0.058541257,NA,NA,NA,NA,"Aalb",NA,"Yee_et al_2016 JAE_in_review","",""
"MordecaiPub","MDR",21,294.15,0.063263832,NA,NA,NA,NA,"Aalb",NA,"Yee_et al_2016 JAE_in_review","",""
"MordecaiPub","MDR",21,294.15,0.060371526,NA,NA,NA,NA,"Aalb",NA,"Yee_et al_2016 JAE_in_review","",""
"MordecaiPub","MDR",21,294.15,0.062151408,NA,NA,NA,NA,"Aalb",NA,"Yee_et al_2016 JAE_in_review","",""
"MordecaiPub","MDR",21,294.15,0.058823529,NA,NA,NA,NA,"Aalb",NA,"Yee_et al_2016 JAE_in_review","",""
"MordecaiPub","MDR",21,294.15,0.063636346,NA,NA,NA,NA,"Aalb",NA,"Yee_et al_2016 JAE_in_review","",""
"MordecaiPub","MDR",25,298.15,0.072192523,NA,NA,NA,NA,"Aalb",NA,"Yee_et al_2016 JAE_in_review","",""
"MordecaiPub","MDR",25,298.15,0.065246341,NA,NA,NA,NA,"Aalb",NA,"Yee_et al_2016 JAE_in_review","",""
"MordecaiPub","MDR",25,298.15,0.090329422,NA,NA,NA,NA,"Aalb",NA,"Yee_et al_2016 JAE_in_review","",""
"MordecaiPub","MDR",25,298.15,0.09185444,NA,NA,NA,NA,"Aalb",NA,"Yee_et al_2016 JAE_in_review","",""
"MordecaiPub","MDR",25,298.15,0.089051081,NA,NA,NA,NA,"Aalb",NA,"Yee_et al_2016 JAE_in_review","",""
"MordecaiPub","MDR",25,298.15,0.084905644,NA,NA,NA,NA,"Aalb",NA,"Yee_et al_2016 JAE_in_review","",""
"MordecaiPub","MDR",25,298.15,0.08349148,NA,NA,NA,NA,"Aalb",NA,"Yee_et al_2016 JAE_in_review","",""
"MordecaiPub","MDR",25,298.15,0.085127176,NA,NA,NA,NA,"Aalb",NA,"Yee_et al_2016 JAE_in_review","",""
"Moye_16","pLA",16,289.15,0.92,NA,NA,"Population","Lab colony","Cpip",NA,"Ciota_2014_JMedEntom","Table 1",""
"Moye_16","pLA",20,293.15,0.87,NA,NA,"Population","Lab colony","Cpip",NA,"Ciota_2014_JMedEntom","Table 1",""
"Moye_16","pLA",24,297.15,0.87,NA,NA,"Population","Lab colony","Cpip",NA,"Ciota_2014_JMedEntom","Table 1",""
"Moye_16","pLA",28,301.15,0.82,NA,NA,"Population","Lab colony","Cpip",NA,"Ciota_2014_JMedEntom","Table 1",""
"Moye_16","pLA",32,305.15,0.83,NA,NA,"Population","Lab colony","Cpip",NA,"Ciota_2014_JMedEntom","Table 1",""
"Moye_17","pLA",16,289.15,0.87,NA,NA,"Population","Field-derived","Cpip",NA,"Ciota_2014_JMedEntom","Table 1",""
"Moye_17","pLA",20,293.15,0.77,NA,NA,"Population","Field-derived","Cpip",NA,"Ciota_2014_JMedEntom","Table 1",""
"Moye_17","pLA",24,297.15,0.61,NA,NA,"Population","Field-derived","Cpip",NA,"Ciota_2014_JMedEntom","Table 1",""
"Moye_17","pLA",28,301.15,0.83,NA,NA,"Population","Field-derived","Cpip",NA,"Ciota_2014_JMedEntom","Table 1",""
"Moye_17","pLA",32,305.15,0.46,NA,NA,"Population","Field-derived","Cpip",NA,"Ciota_2014_JMedEntom","Table 1",""
"Moye_18","pLA",16,289.15,0.96,NA,NA,"Population","Lab colony","Cqui",NA,"Ciota_2014_JMedEntom","Table 1",""
"Moye_18","pLA",20,293.15,0.84,NA,NA,"Population","Lab colony","Cqui",NA,"Ciota_2014_JMedEntom","Table 1",""
"Moye_18","pLA",24,297.15,0.86,NA,NA,"Population","Lab colony","Cqui",NA,"Ciota_2014_JMedEntom","Table 1",""
"Moye_18","pLA",28,301.15,0.95,NA,NA,"Population","Lab colony","Cqui",NA,"Ciota_2014_JMedEntom","Table 1",""
"Moye_18","pLA",32,305.15,0.77,NA,NA,"Population","Lab colony","Cqui",NA,"Ciota_2014_JMedEntom","Table 1",""
"Moye_19","pLA",16,289.15,0.81,NA,NA,"Population","Field-derived","Cqui",NA,"Ciota_2014_JMedEntom","Table 1",""
"Moye_19","pLA",20,293.15,0.89,NA,NA,"Population","Field-derived","Cqui",NA,"Ciota_2014_JMedEntom","Table 1",""
"Moye_19","pLA",24,297.15,0.7,NA,NA,"Population","Field-derived","Cqui",NA,"Ciota_2014_JMedEntom","Table 1",""
"Moye_19","pLA",28,301.15,0.53,NA,NA,"Population","Field-derived","Cqui",NA,"Ciota_2014_JMedEntom","Table 1",""
"Moye_19","pLA",32,305.15,0.38,NA,NA,"Population","Field-derived","Cqui",NA,"Ciota_2014_JMedEntom","Table 1",""
"Shocket","pLA",16,289.15,0.83,NA,NA,NA,NA,"Cres",NA,"Ciota_2014_JMedEntom","Table 1",""
"Shocket","pLA",20,293.15,0.82,NA,NA,NA,NA,"Cres",NA,"Ciota_2014_JMedEntom","Table 1",""
"Shocket","pLA",24,297.15,0.81,NA,NA,NA,NA,"Cres",NA,"Ciota_2014_JMedEntom","Table 1",""
"Shocket","pLA",28,301.15,0.61,NA,NA,NA,NA,"Cres",NA,"Ciota_2014_JMedEntom","Table 1",""
"Shocket","pLA",32,305.15,0.34,NA,NA,NA,NA,"Cres",NA,"Ciota_2014_JMedEntom","Table 1",""
"Verwillow_16","pLA",25,298.15,0.39,0.033,0.033,NA,NA,"Cpip",NA,"Mpho_2002_Heredity","Results text",""
"Verwillow_16","pLA",30,303.15,0.43,0.039,0.039,NA,NA,"Cpip",NA,"Mpho_2002_Heredity","Results text",""
"Verwillow_16","pLA",37,310.15,0.19,0.02,0.02,NA,NA,"Cpip",NA,"Mpho_2002_Heredity","Results text",""
"Shocket","pLA",25,298.15,0.8383,0.04,0.04,"Population","Kotta (field derived strain)","Cpip",NA,"Mpho_2002_EuroJEntom","Table 1",""
"Shocket","pLA",30,303.15,0.9445,0.0268,0.0268,"Population","Kotta (field derived strain)","Cpip",NA,"Mpho_2002_EuroJEntom","Table 1",""
"Shocket","pLA",37,310.15,0.4867,0.0541,0.0541,"Population","Kotta (field derived strain)","Cpip",NA,"Mpho_2002_EuroJEntom","Table 1",""
"Shocket","pLA",25,298.15,0.4833,0.0352,0.0352,"Population","Temix (insecticide resistant lab strain)","Cpip",NA,"Mpho_2002_EuroJEntom","Table 1",""
"Shocket","pLA",30,303.15,0.5056,0.0554,0.0554,"Population","Temix (insecticide resistant lab strain)","Cpip",NA,"Mpho_2002_EuroJEntom","Table 1",""
"Shocket","pLA",37,310.15,0.1667,0.0404,0.0404,"Population","Temix (insecticide resistant lab strain)","Cpip",NA,"Mpho_2002_EuroJEntom","Table 1",""
"Shocket","pLA",25,298.15,0.9,0.0333,0.0333,"Population","S-lab (standard lab strain)","Cpip",NA,"Mpho_2002_EuroJEntom","Table 1",""
"Shocket","pLA",30,303.15,0.525,0.0316,0.0316,"Population","S-lab (standard lab strain)","Cpip",NA,"Mpho_2002_EuroJEntom","Table 1",""
"Shocket","pLA",37,310.15,0.2083,0.1142,0.1142,"Population","S-lab (standard lab strain)","Cpip",NA,"Mpho_2002_EuroJEntom","Table 1",""
"Numazu_7","pLA",15,288.15,0.32,NA,NA,"density","1","Cmol",NA,"Olejnicek&Gelbic_2000_JofVectorEcology","Table 1","Cuba strain"
"Numazu_7","pLA",15,288.15,0.11,NA,NA,"density","5","Cmol",NA,"Olejnicek&Gelbic_2000_JofVectorEcology","Table 1","Cuba strain"
"Numazu_7","pLA",15,288.15,0.07,NA,NA,"density","10","Cmol",NA,"Olejnicek&Gelbic_2000_JofVectorEcology","Table 1","Cuba strain"
"Numazu_7","pLA",22,295.15,0.3,NA,NA,"density","1","Cmol",NA,"Olejnicek&Gelbic_2000_JofVectorEcology","Table 1","Cuba strain"
"Numazu_7","pLA",22,295.15,0.27,NA,NA,"density","5","Cmol",NA,"Olejnicek&Gelbic_2000_JofVectorEcology","Table 1","Cuba strain"
"Numazu_7","pLA",22,295.15,0.22,NA,NA,"density","10","Cmol",NA,"Olejnicek&Gelbic_2000_JofVectorEcology","Table 1","Cuba strain"
"Numazu_7","pLA",30,303.15,0.43,NA,NA,"density","1","Cmol",NA,"Olejnicek&Gelbic_2000_JofVectorEcology","Table 1","Cuba strain"
"Numazu_7","pLA",30,303.15,0.27,NA,NA,"density","5","Cmol",NA,"Olejnicek&Gelbic_2000_JofVectorEcology","Table 1","Cuba strain"
"Numazu_7","pLA",30,303.15,0.16,NA,NA,"density","10","Cmol",NA,"Olejnicek&Gelbic_2000_JofVectorEcology","Table 1","Cuba strain"
"Numazu_8","pLA",15,288.15,0.31,NA,NA,"density","1","Cmol",NA,"Olejnicek&Gelbic_2000_JofVectorEcology","Table 2","Mosul strain"
"Numazu_8","pLA",15,288.15,0.37,NA,NA,"density","5","Cmol",NA,"Olejnicek&Gelbic_2000_JofVectorEcology","Table 2","Mosul strain"
"Numazu_8","pLA",15,288.15,0.05,NA,NA,"density","10","Cmol",NA,"Olejnicek&Gelbic_2000_JofVectorEcology","Table 2","Mosul strain"
"Numazu_8","pLA",22,295.15,0.7,NA,NA,"density","1","Cmol",NA,"Olejnicek&Gelbic_2000_JofVectorEcology","Table 2","Mosul strain"
"Numazu_8","pLA",22,295.15,0.57,NA,NA,"density","5","Cmol",NA,"Olejnicek&Gelbic_2000_JofVectorEcology","Table 2","Mosul strain"
"Numazu_8","pLA",22,295.15,0.47,NA,NA,"density","10","Cmol",NA,"Olejnicek&Gelbic_2000_JofVectorEcology","Table 2","Mosul strain"
"Numazu_8","pLA",30,303.15,0.45,NA,NA,"density","1","Cmol",NA,"Olejnicek&Gelbic_2000_JofVectorEcology","Table 2","Mosul strain"
"Numazu_8","pLA",30,303.15,0.1,NA,NA,"density","5","Cmol",NA,"Olejnicek&Gelbic_2000_JofVectorEcology","Table 2","Mosul strain"
"Numazu_8","pLA",30,303.15,0.08,NA,NA,"density","10","Cmol",NA,"Olejnicek&Gelbic_2000_JofVectorEcology","Table 2","Mosul strain"
"Moye_28","pLA",21,294.15,0.906,NA,NA,NA,NA,"Cmol",NA,"Oda_1999_JAMMosqControlAssoc","Table 1",""
"Moye_28","pLA",25,298.15,0.89,NA,NA,NA,NA,"Cmol",NA,"Oda_1999_JAMMosqControlAssoc","Table 1",""
"Moye_28","pLA",30,303.15,0.502,NA,NA,NA,NA,"Cmol",NA,"Oda_1999_JAMMosqControlAssoc","Table 1",""
"Shocket","pLA",21,294.15,0.782,NA,NA,NA,NA,"Cqui",NA,"Oda_1999_JAMMosqControlAssoc","Table 1",""
"Shocket","pLA",25,298.15,0.796,NA,NA,NA,NA,"Cqui",NA,"Oda_1999_JAMMosqControlAssoc","Table 1",""
"Shocket","pLA",30,303.15,0.954,NA,NA,NA,NA,"Cqui",NA,"Oda_1999_JAMMosqControlAssoc","Table 1",""
"Shocket","pLA",12,285.15,0.87,NA,NA,NA,NA,"Cres",NA,"Shelton_1973_MosquitoNews","Figure 2",""
"Shocket","pLA",15,288.15,0.85,NA,NA,NA,NA,"Cres",NA,"Shelton_1973_MosquitoNews","Figure 2",""
"Shocket","pLA",20,293.15,0.9,NA,NA,NA,NA,"Cres",NA,"Shelton_1973_MosquitoNews","Figure 2",""
"Shocket","pLA",23,296.15,0.85,NA,NA,NA,NA,"Cres",NA,"Shelton_1973_MosquitoNews","Figure 2",""
"Shocket","pLA",25,298.15,0.85,NA,NA,NA,NA,"Cres",NA,"Shelton_1973_MosquitoNews","Figure 2",""
"Shocket","pLA",30,303.15,0.5,NA,NA,NA,NA,"Cres",NA,"Shelton_1973_MosquitoNews","Figure 2",""
"Shocket","pLA",32,305.15,0,NA,NA,NA,NA,"Cres",NA,"Shelton_1973_MosquitoNews","Figure 2",""
"Shocket","pLA",35,308.15,0,NA,NA,NA,NA,"Cres",NA,"Shelton_1973_MosquitoNews","Figure 2",""
"Numazu_1","pLA",12,285.15,0.57,NA,NA,NA,NA,"Cqui",NA,"Shelton_1973_MosquitoNews","Figure 3",""
"Numazu_1","pLA",15,288.15,0.87,NA,NA,NA,NA,"Cqui",NA,"Shelton_1973_MosquitoNews","Figure 3",""
"Numazu_1","pLA",20,293.15,0.9,NA,NA,NA,NA,"Cqui",NA,"Shelton_1973_MosquitoNews","Figure 3",""
"Numazu_1","pLA",23,296.15,1,NA,NA,NA,NA,"Cqui",NA,"Shelton_1973_MosquitoNews","Figure 3",""
"Numazu_1","pLA",26,299.15,0.91,NA,NA,NA,NA,"Cqui",NA,"Shelton_1973_MosquitoNews","Figure 3",""
"Numazu_1","pLA",29,302.15,0.86,NA,NA,NA,NA,"Cqui",NA,"Shelton_1973_MosquitoNews","Figure 3",""
"Numazu_1","pLA",32,305.15,0.47,NA,NA,NA,NA,"Cqui",NA,"Shelton_1973_MosquitoNews","Figure 3",""
"Numazu_1","pLA",35,308.15,0,NA,NA,NA,NA,"Cqui",NA,"Shelton_1973_MosquitoNews","Figure 3",""
"Shocket","pLA",12,285.15,0.45,NA,NA,NA,NA,"Csal",NA,"Shelton_1973_MosquitoNews","Figure 4",""
"Shocket","pLA",15,288.15,0.5,NA,NA,NA,NA,"Csal",NA,"Shelton_1973_MosquitoNews","Figure 4",""
"Shocket","pLA",20,293.15,0.7,NA,NA,NA,NA,"Csal",NA,"Shelton_1973_MosquitoNews","Figure 4",""
"Shocket","pLA",23,296.15,0.86,NA,NA,NA,NA,"Csal",NA,"Shelton_1973_MosquitoNews","Figure 4",""
"Shocket","pLA",26,299.15,0.47,NA,NA,NA,NA,"Csal",NA,"Shelton_1973_MosquitoNews","Figure 4",""
"Shocket","pLA",29,302.15,0.5,NA,NA,NA,NA,"Csal",NA,"Shelton_1973_MosquitoNews","Figure 4",""
"Shocket","pLA",32,305.15,0,NA,NA,NA,NA,"Csal",NA,"Shelton_1973_MosquitoNews","Figure 4",""
"Shocket","pLA",35,308.15,0,NA,NA,NA,NA,"Csal",NA,"Shelton_1973_MosquitoNews","Figure 4",""
"Shocket","pLA",12,285.15,0,NA,NA,NA,NA,"Asol",NA,"Shelton_1973_MosquitoNews","Figure 7",""
"Shocket","pLA",15,288.15,0.5,NA,NA,NA,NA,"Asol",NA,"Shelton_1973_MosquitoNews","Figure 7",""
"Shocket","pLA",20,293.15,0.62,NA,NA,NA,NA,"Asol",NA,"Shelton_1973_MosquitoNews","Figure 7",""
"Shocket","pLA",23,296.15,0.76,NA,NA,NA,NA,"Asol",NA,"Shelton_1973_MosquitoNews","Figure 7",""
"Shocket","pLA",26,299.15,0.75,NA,NA,NA,NA,"Asol",NA,"Shelton_1973_MosquitoNews","Figure 7",""
"Shocket","pLA",29,302.15,0.78,NA,NA,NA,NA,"Asol",NA,"Shelton_1973_MosquitoNews","Figure 7",""
"Shocket","pLA",32,305.15,0.7,NA,NA,NA,NA,"Asol",NA,"Shelton_1973_MosquitoNews","Figure 7",""
"Shocket","pLA",35,308.15,0.5,NA,NA,NA,NA,"Asol",NA,"Shelton_1973_MosquitoNews","Figure 7",""
"Shocket","pLA",12,285.15,0,NA,NA,NA,NA,"Atri",NA,"Shelton_1973_MosquitoNews","Figure 8",""
"Shocket","pLA",15,288.15,1,NA,NA,NA,NA,"Atri",NA,"Shelton_1973_MosquitoNews","Figure 8",""
"Shocket","pLA",20,293.15,0.95,NA,NA,NA,NA,"Atri",NA,"Shelton_1973_MosquitoNews","Figure 8",""
"Shocket","pLA",23,296.15,0.97,NA,NA,NA,NA,"Atri",NA,"Shelton_1973_MosquitoNews","Figure 8",""
"Shocket","pLA",26,299.15,0.94,NA,NA,NA,NA,"Atri",NA,"Shelton_1973_MosquitoNews","Figure 8",""
"Shocket","pLA",29,302.15,0.4,NA,NA,NA,NA,"Atri",NA,"Shelton_1973_MosquitoNews","Figure 8",""
"Shocket","pLA",32,305.15,0.2,NA,NA,NA,NA,"Atri",NA,"Shelton_1973_MosquitoNews","Figure 8",""
"Shocket","pLA",35,308.15,0,NA,NA,NA,NA,"Atri",NA,"Shelton_1973_MosquitoNews","Figure 8",""
"Numazu_2","pLA",25,298.15,0.901,0.035,0.035,"insecticide concentration","0","Cqui",NA,"Mpho_2001_Chemosphere","Figure 1",""
"Numazu_2","pLA",30,303.15,0.524,0.03,0.03,"insecticide concentration","0","Cqui",NA,"Mpho_2001_Chemosphere","Figure 1",""
"Numazu_2","pLA",37,310.15,0.206,0.115,0.115,"insecticide concentration","0","Cqui",NA,"Mpho_2001_Chemosphere","Figure 1",""
"Numazu_2","pLA",25,298.15,0.82,0.048,0.048,"insecticide concentration","0.00011","Cqui",NA,"Mpho_2001_Chemosphere","Figure 1",""
"Numazu_2","pLA",30,303.15,0.467,0.042,0.042,"insecticide concentration","0.00011","Cqui",NA,"Mpho_2001_Chemosphere","Figure 1",""
"Numazu_2","pLA",37,310.15,0.247,0.148,0.148,"insecticide concentration","0.00011","Cqui",NA,"Mpho_2001_Chemosphere","Figure 1",""
"Numazu_2","pLA",15,288.15,0.382,0.289,0.289,NA,NA,"Cqui",NA,"Rueda,Patel,Axtell,&Stinner_1990_JournalofMedicalEntomology","Table 6",""
"Numazu_2","pLA",20,293.15,0.853,0.262,0.262,NA,NA,"Cqui",NA,"Rueda,Patel,Axtell,&Stinner_1990_JournalofMedicalEntomology","Table 6",""
"Numazu_2","pLA",25,298.15,0.903,0.141,0.141,NA,NA,"Cqui",NA,"Rueda,Patel,Axtell,&Stinner_1990_JournalofMedicalEntomology","Table 6",""
"Numazu_2","pLA",27,300.15,0.849,0.272,0.272,NA,NA,"Cqui",NA,"Rueda,Patel,Axtell,&Stinner_1990_JournalofMedicalEntomology","Table 6",""
"Numazu_2","pLA",30,303.15,0.831,0.163,0.163,NA,NA,"Cqui",NA,"Rueda,Patel,Axtell,&Stinner_1990_JournalofMedicalEntomology","Table 6",""
"Numazu_2","pLA",34,307.15,0.421,0.202,0.202,NA,NA,"Cqui",NA,"Rueda,Patel,Axtell,&Stinner_1990_JournalofMedicalEntomology","Table 6",""
"Numazu_11","pLA",10,283.15,0,0.169,0.169,"Population","Auckland NZ","Cqui",NA,"Mogi_1992_AnnalsoftheEnt.SocietyofAmerica","Results text","Day length co-varied with temperature - 10 hr for 15 degrees"
"Numazu_11","pLA",15,288.15,0.583,0.169,0.169,"Population","Auckland NZ","Cqui",NA,"Mogi_1992_AnnalsoftheEnt.SocietyofAmerica","Figure 2","Day length co-varied with temperature - 10 hr for 15 degrees"
"Numazu_11","pLA",20,293.15,0.88,0.084,0.084,"Population","Auckland NZ","Cqui",NA,"Mogi_1992_AnnalsoftheEnt.SocietyofAmerica","Figure 2","Day length co-varied with temperature - 12 hr for 20 degrees"
"Numazu_11","pLA",28,301.15,0.867,0.069,0.069,"Population","Auckland NZ","Cqui",NA,"Mogi_1992_AnnalsoftheEnt.SocietyofAmerica","Figure 2","Day length co-varied with temperature - 16 hr for 28 degrees"
"Numazu_11","pLA",10,283.15,0,0.169,0.169,"Population","Auckland NZ","Cqui",NA,"Mogi_1992_AnnalsoftheEnt.SocietyofAmerica","Results text","Day length co-varied with temperature - 10 hr for 15 degrees"
"Numazu_11","pLA",15,288.15,0.499,0.138,0.138,"Population","Takapuna NZ","Cqui",NA,"Mogi_1992_AnnalsoftheEnt.SocietyofAmerica","Figure 2","Day length co-varied with temperature - 10 hr for 15 degrees"
"Numazu_11","pLA",20,293.15,0.844,0.148,0.148,"Population","Takapuna NZ","Cqui",NA,"Mogi_1992_AnnalsoftheEnt.SocietyofAmerica","Figure 2","Day length co-varied with temperature - 12 hr for 20 degrees"
"Numazu_11","pLA",28,301.15,0.862,0.054,0.054,"Population","Takapuna NZ","Cqui",NA,"Mogi_1992_AnnalsoftheEnt.SocietyofAmerica","Figure 2","Day length co-varied with temperature - 16 hr for 28 degrees"
"Numazu_11","pLA",10,283.15,0,0.097,0.097,"Population","Suva Fiji","Cqui",NA,"Mogi_1992_AnnalsoftheEnt.SocietyofAmerica","Results text","Day length co-varied with temperature - 10 hr for 15 degrees"
"Numazu_11","pLA",15,288.15,0.376,0.097,0.097,"Population","Suva Fiji","Cqui",NA,"Mogi_1992_AnnalsoftheEnt.SocietyofAmerica","Figure 2","Day length co-varied with temperature - 10 hr for 15 degrees"
"Numazu_11","pLA",20,293.15,0.67,0.166,0.166,"Population","Suva Fiji","Cqui",NA,"Mogi_1992_AnnalsoftheEnt.SocietyofAmerica","Figure 2","Day length co-varied with temperature - 12 hr for 20 degrees"
"Numazu_11","pLA",28,301.15,0.744,0.21,0.21,"Population","Suva Fiji","Cqui",NA,"Mogi_1992_AnnalsoftheEnt.SocietyofAmerica","Figure 2","Day length co-varied with temperature - 16 hr for 28 degrees"
"Shocket","pLA",10,283.15,0,0.107,0.107,NA,NA,"Cpal",NA,"Mogi_1992_AnnalsoftheEnt.SocietyofAmerica","Results text","Day length co-varied with temperature - 10 hr for 15 degrees"
"Shocket","pLA",15,288.15,0.445,0.107,0.107,NA,NA,"Cpal",NA,"Mogi_1992_AnnalsoftheEnt.SocietyofAmerica","Figure 2","Day length co-varied with temperature - 10 hr for 15 degrees"
"Shocket","pLA",20,293.15,0.54,0.192,0.192,NA,NA,"Cpal",NA,"Mogi_1992_AnnalsoftheEnt.SocietyofAmerica","Figure 2","Day length co-varied with temperature - 12 hr for 20 degrees"
"Shocket","pLA",28,301.15,0.887,0.17,0.17,NA,NA,"Cpal",NA,"Mogi_1992_AnnalsoftheEnt.SocietyofAmerica","Figure 2","Day length co-varied with temperature - 16 hr for 28 degrees"
"Numazu_5","pLA",15,288.15,0.871,NA,NA,"Population","Coachella Valley","Ctar",NA,"Reisen_1995_JMedEntomol","Table 1",""
"Numazu_5","pLA",20,293.15,0.854,NA,NA,"Population","Coachella Valley","Ctar",NA,"Reisen_1995_JMedEntomol","Table 1",""
"Numazu_5","pLA",25,298.15,0.867,NA,NA,"Population","Coachella Valley","Ctar",NA,"Reisen_1995_JMedEntomol","Table 1",""
"Numazu_5","pLA",30,303.15,0.794,NA,NA,"Population","Coachella Valley","Ctar",NA,"Reisen_1995_JMedEntomol","Table 1",""
"Numazu_5","pLA",35,308.15,0.491,NA,NA,"Population","Coachella Valley","Ctar",NA,"Reisen_1995_JMedEntomol","Table 1",""
"Numazu_5","pLA",15,288.15,0.805,NA,NA,"Population","San Joaquin Valley","Ctar",NA,"Reisen_1995_JMedEntomol","Table 1",""
"Numazu_5","pLA",20,293.15,0.932,NA,NA,"Population","San Joaquin Valley","Ctar",NA,"Reisen_1995_JMedEntomol","Table 1",""
"Numazu_5","pLA",25,298.15,0.685,NA,NA,"Population","San Joaquin Valley","Ctar",NA,"Reisen_1995_JMedEntomol","Table 1",""
"Numazu_5","pLA",30,303.15,0.833,NA,NA,"Population","San Joaquin Valley","Ctar",NA,"Reisen_1995_JMedEntomol","Table 1",""
"Numazu_5","pLA",35,308.15,0.617,NA,NA,"Population","San Joaquin Valley","Ctar",NA,"Reisen_1995_JMedEntomol","Table 1",""
"Numazu_8","pLA",14,287.15,0.36,NA,NA,"Population","Coachella Valley","Ctar",NA,"Reisen_1995_JMedEntomol","Table 2",""
"Numazu_8","pLA",20,293.15,0.87,NA,NA,"Population","Coachella Valley","Ctar",NA,"Reisen_1995_JMedEntomol","Table 2",""
"Numazu_8","pLA",26,299.15,0.71,NA,NA,"Population","Coachella Valley","Ctar",NA,"Reisen_1995_JMedEntomol","Table 2",""
"Numazu_8","pLA",32,305.15,0.79,NA,NA,"Population","Coachella Valley","Ctar",NA,"Reisen_1995_JMedEntomol","Table 2",""
"Numazu_8","pLA",14,287.15,0.75,NA,NA,"Population","Coachella Valley","Ctar",NA,"Reisen_1995_JMedEntomol","Table 2",""
"Numazu_8","pLA",20,293.15,0.56,NA,NA,"Population","Coachella Valley","Ctar",NA,"Reisen_1995_JMedEntomol","Table 2",""
"Numazu_8","pLA",26,299.15,0.76,NA,NA,"Population","Coachella Valley","Ctar",NA,"Reisen_1995_JMedEntomol","Table 2",""
"Numazu_8","pLA",32,305.15,0.72,NA,NA,"Population","Coachella Valley","Ctar",NA,"Reisen_1995_JMedEntomol","Table 2",""
"Numazu_8","pLA",14,287.15,0.53,NA,NA,"Population","Coachella Valley","Ctar",NA,"Reisen_1995_JMedEntomol","Table 2",""
"Numazu_8","pLA",20,293.15,0.49,NA,NA,"Population","Coachella Valley","Ctar",NA,"Reisen_1995_JMedEntomol","Table 2",""
"Numazu_8","pLA",26,299.15,0.62,NA,NA,"Population","Coachella Valley","Ctar",NA,"Reisen_1995_JMedEntomol","Table 2",""
"Numazu_8","pLA",32,305.15,0.71,NA,NA,"Population","Coachella Valley","Ctar",NA,"Reisen_1995_JMedEntomol","Table 2",""
"Numazu_8","pLA",14,287.15,0.45,NA,NA,"Population","San Joaquin Valley","Ctar",NA,"Reisen_1995_JMedEntomol","Table 2",""
"Numazu_8","pLA",20,293.15,0.79,NA,NA,"Population","San Joaquin Valley","Ctar",NA,"Reisen_1995_JMedEntomol","Table 2",""
"Numazu_8","pLA",26,299.15,0.7,NA,NA,"Population","San Joaquin Valley","Ctar",NA,"Reisen_1995_JMedEntomol","Table 2",""
"Numazu_8","pLA",32,305.15,0.83,NA,NA,"Population","San Joaquin Valley","Ctar",NA,"Reisen_1995_JMedEntomol","Table 2",""
"Numazu_8","pLA",20,293.15,0.49,NA,NA,"Population","San Joaquin Valley","Ctar",NA,"Reisen_1995_JMedEntomol","Table 2",""
"Numazu_8","pLA",26,299.15,0.73,NA,NA,"Population","San Joaquin Valley","Ctar",NA,"Reisen_1995_JMedEntomol","Table 2",""
"Numazu_8","pLA",32,305.15,0.82,NA,NA,"Population","San Joaquin Valley","Ctar",NA,"Reisen_1995_JMedEntomol","Table 2",""
"Numazu_8","pLA",14,287.15,0.41,NA,NA,"Population","San Joaquin Valley","Ctar",NA,"Reisen_1995_JMedEntomol","Table 2",""
"Numazu_8","pLA",20,293.15,0.36,NA,NA,"Population","San Joaquin Valley","Ctar",NA,"Reisen_1995_JMedEntomol","Table 2",""
"Numazu_8","pLA",26,299.15,0.68,NA,NA,"Population","San Joaquin Valley","Ctar",NA,"Reisen_1995_JMedEntomol","Table 2",""
"Numazu_8","pLA",32,305.15,0.7,NA,NA,"Population","San Joaquin Valley","Ctar",NA,"Reisen_1995_JMedEntomol","Table 2",""
"Moye_007","pLA",19,292.15,0.67,NA,NA,"Population","Coachella Valley","Ctar",NA,"Dodson_2012_Parasites&Vectors","Table 2",""
"Moye_007","pLA",25,298.15,0.69,NA,NA,"Population","Coachella Valley","Ctar",NA,"Dodson_2012_Parasites&Vectors","Table 2",""
"Moye_007","pLA",31,304.15,0.56,NA,NA,"Population","Coachella Valley","Ctar",NA,"Dodson_2012_Parasites&Vectors","Table 2",""
"Moye_007","pLA",19,292.15,0.58,NA,NA,"Population","Coachella Valley","Ctar",NA,"Dodson_2012_Parasites&Vectors","Table 2",""
"Moye_007","pLA",25,298.15,0.74,NA,NA,"Population","Coachella Valley","Ctar",NA,"Dodson_2012_Parasites&Vectors","Table 2",""
"Moye_007","pLA",31,304.15,0.57,NA,NA,"Population","Coachella Valley","Ctar",NA,"Dodson_2012_Parasites&Vectors","Table 2",""
"Moye_008","pLA",19,292.15,0.59,NA,NA,"Population","Yolo County","Ctar",NA,"Dodson_2012_Parasites&Vectors","Table 2",""
"Moye_008","pLA",25,298.15,0.58,NA,NA,"Population","Yolo County","Ctar",NA,"Dodson_2012_Parasites&Vectors","Table 2",""
"Moye_008","pLA",31,304.15,0.22,NA,NA,"Population","Yolo County","Ctar",NA,"Dodson_2012_Parasites&Vectors","Table 2",""
"Moye_008","pLA",19,292.15,0.67,NA,NA,"Population","Yolo County","Ctar",NA,"Dodson_2012_Parasites&Vectors","Table 2",""
"Moye_008","pLA",25,298.15,0.68,NA,NA,"Population","Yolo County","Ctar",NA,"Dodson_2012_Parasites&Vectors","Table 2",""
"Moye_008","pLA",31,304.15,0.3,NA,NA,"Population","Yolo County","Ctar",NA,"Dodson_2012_Parasites&Vectors","Table 2",""
"Numazu_10","pLA",15,288.15,0.276,0.037,0.043,"Proportion conspecific larvae","0.75","Atri",NA,"TengApperson_2000_J.Med.Entomol.","Figure 5",""
"Numazu_10","pLA",15,288.15,0.243,0.065,0.07,"Proportion conspecific larvae","1","Atri",NA,"TengApperson_2000_J.Med.Entomol.","Figure 5",""
"Numazu_10","pLA",23,296.15,0.331,0.062,0.068,"Proportion conspecific larvae","0.75","Atri",NA,"TengApperson_2000_J.Med.Entomol.","Figure 5",""
"Numazu_10","pLA",23,296.15,0.357,0.065,0.065,"Proportion conspecific larvae","1","Atri",NA,"TengApperson_2000_J.Med.Entomol.","Figure 5",""
"Numazu_10","pLA",31,304.15,0.184,0.04,0.045,"Proportion conspecific larvae","0.75","Atri",NA,"TengApperson_2000_J.Med.Entomol.","Figure 5",""
"Numazu_10","pLA",31,304.15,0.143,0.04,0.038,"Proportion conspecific larvae","1","Atri",NA,"TengApperson_2000_J.Med.Entomol.","Figure 5",""
"Shocket","pLA",15,288.15,0.48,0.07,0.07,NA,NA,"Atri",NA,"TengApperson_2000_J.Med.Entomol.","Figure 3",""
"Shocket","pLA",23,296.15,0.62,0.09,0.09,NA,NA,"Atri",NA,"TengApperson_2000_J.Med.Entomol.","Figure 3",""
"Shocket","pLA",31,304.15,0.2,0.05,0.05,NA,NA,"Atri",NA,"TengApperson_2000_J.Med.Entomol.","Figure 3",""
"Numazu_10","pLA",5,278.15,0,NA,NA,NA,NA,"Anig",NA,"Brust_1967_TheCanadianEntomologist","Table 4",""
"Numazu_10","pLA",10,283.15,0,NA,NA,NA,NA,"Anig",NA,"Brust_1967_TheCanadianEntomologist","Table 4",""
"Numazu_10","pLA",15.5,288.65,0.35,NA,NA,NA,NA,"Anig",NA,"Brust_1967_TheCanadianEntomologist","Table 4",""
"Numazu_10","pLA",21,294.15,0.82,NA,NA,NA,NA,"Anig",NA,"Brust_1967_TheCanadianEntomologist","Table 4",""
"Numazu_10","pLA",26.5,299.65,0.77,NA,NA,NA,NA,"Anig",NA,"Brust_1967_TheCanadianEntomologist","Table 4",""
"Numazu_10","pLA",32,305.15,0.72,NA,NA,NA,NA,"Anig",NA,"Brust_1967_TheCanadianEntomologist","Table 4",""
"Numazu_11","pLA",5,278.15,0,NA,NA,NA,NA,"Avex",NA,"Brust_1967_TheCanadianEntomologist","Table 4",""
"Numazu_11","pLA",10,283.15,0.04,NA,NA,NA,NA,"Avex",NA,"Brust_1967_TheCanadianEntomologist","Table 4",""
"Numazu_11","pLA",15.5,288.65,0.43,NA,NA,NA,NA,"Avex",NA,"Brust_1967_TheCanadianEntomologist","Table 4",""
"Numazu_11","pLA",21,294.15,0.78,NA,NA,NA,NA,"Avex",NA,"Brust_1967_TheCanadianEntomologist","Table 4",""
"Numazu_11","pLA",26.5,299.65,0.85,NA,NA,NA,NA,"Avex",NA,"Brust_1967_TheCanadianEntomologist","Table 4",""
"Numazu_11","pLA",32,305.15,0.7,NA,NA,NA,NA,"Avex",NA,"Brust_1967_TheCanadianEntomologist","Table 4",""
"Shocket_108","pLA",7,280.15,0,NA,NA,NA,NA,"Cpip",NA,"Loetti_2011_JNatHist","Table 1",""
"Shocket_108","pLA",10,283.15,0.5,NA,NA,NA,NA,"Cpip",NA,"Loetti_2011_JNatHist","Table 1",""
"Shocket_108","pLA",15,288.15,0.396,NA,NA,NA,NA,"Cpip",NA,"Loetti_2011_JNatHist","Table 1",""
"Shocket_108","pLA",20,293.15,0.494,NA,NA,NA,NA,"Cpip",NA,"Loetti_2011_JNatHist","Table 1",""
"Shocket_108","pLA",25,298.15,0.764,NA,NA,NA,NA,"Cpip",NA,"Loetti_2011_JNatHist","Table 1",""
"Shocket_108","pLA",30,303.15,0.288,NA,NA,NA,NA,"Cpip",NA,"Loetti_2011_JNatHist","Table 1",""
"Shocket_108","pLA",33,306.15,0.016,NA,NA,NA,NA,"Cpip",NA,"Loetti_2011_JNatHist","Table 1",""
"Shocket","pLA",16,289.15,0.88,0.86,0.9,"Population","Low elevation","Cpip",NA,"Ruybal_2016_Paras&Vec","Figure 3",""
"Shocket","pLA",20,293.15,0.88,0.86,0.9,"Population","Low elevation","Cpip",NA,"Ruybal_2016_Paras&Vec","Figure 3",""
"Shocket","pLA",24,297.15,0.93,0.9,0.96,"Population","Low elevation","Cpip",NA,"Ruybal_2016_Paras&Vec","Figure 3",""
"Shocket","pLA",27,300.15,0.92,NA,NA,"Population","Low elevation","Cpip",NA,"Ruybal_2016_Paras&Vec","Figure 3",""
"Shocket","pLA",31,304.15,0.74,0.73,0.75,"Population","Low elevation","Cpip",NA,"Ruybal_2016_Paras&Vec","Figure 3",""
"Shocket","pLA",35,308.15,0,NA,NA,"Population","Low elevation","Cpip",NA,"Ruybal_2016_Paras&Vec","Figure 3",""
"Shocket","pLA",16,289.15,0.69,0.58,0.8,"Population","Mid latitude","Cpip",NA,"Ruybal_2016_Paras&Vec","Figure 3",""
"Shocket","pLA",20,293.15,0.88,0.87,0.89,"Population","Mid latitude","Cpip",NA,"Ruybal_2016_Paras&Vec","Figure 3",""
"Shocket","pLA",24,297.15,0.91,NA,NA,"Population","Mid latitude","Cpip",NA,"Ruybal_2016_Paras&Vec","Figure 3",""
"Shocket","pLA",27,300.15,0.92,0.89,0.95,"Population","Mid latitude","Cpip",NA,"Ruybal_2016_Paras&Vec","Figure 3",""
"Shocket","pLA",31,304.15,0.81,0.79,0.83,"Population","Mid latitude","Cpip",NA,"Ruybal_2016_Paras&Vec","Figure 3",""
"Shocket","pLA",35,308.15,0,NA,NA,"Population","Mid latitude","Cpip",NA,"Ruybal_2016_Paras&Vec","Figure 3",""
"Shocket","pLA",16,289.15,0.82,0.74,0.9,"Population","Mid elevation","Cpip",NA,"Ruybal_2016_Paras&Vec","Figure 3",""
"Shocket","pLA",20,293.15,0.93,0.9,0.96,"Population","Mid elevation","Cpip",NA,"Ruybal_2016_Paras&Vec","Figure 3",""
"Shocket","pLA",24,297.15,0.97,0.95,0.99,"Population","Mid elevation","Cpip",NA,"Ruybal_2016_Paras&Vec","Figure 3",""
"Shocket","pLA",27,300.15,0.96,NA,NA,"Population","Mid elevation","Cpip",NA,"Ruybal_2016_Paras&Vec","Figure 3",""
"Shocket","pLA",31,304.15,0.78,0.72,0.84,"Population","Mid elevation","Cpip",NA,"Ruybal_2016_Paras&Vec","Figure 3",""
"Shocket","pLA",35,308.15,0,NA,NA,"Population","Mid elevation","Cpip",NA,"Ruybal_2016_Paras&Vec","Figure 3",""
"Shocket","pLA",10,283.15,0.0648,NA,NA,NA,NA,"Cpip",NA,"Ju-lin_2017_ChinJVectorBiol&Control","Table 2 + Table 3","Pupation rate * eclosion rate; translated from Chinese"
"Shocket","pLA",15,288.15,0.63664,NA,NA,NA,NA,"Cpip",NA,"Ju-lin_2017_ChinJVectorBiol&Control","Table 2 + Table 3","Pupation rate * eclosion rate; translated from Chinese"
"Shocket","pLA",20,293.15,0.73625,NA,NA,NA,NA,"Cpip",NA,"Ju-lin_2017_ChinJVectorBiol&Control","Table 2 + Table 3","Pupation rate * eclosion rate; translated from Chinese"
"Shocket","pLA",25,298.15,0.776,NA,NA,NA,NA,"Cpip",NA,"Ju-lin_2017_ChinJVectorBiol&Control","Table 2 + Table 3","Pupation rate * eclosion rate; translated from Chinese"
"Shocket","pLA",30,303.15,0.80025,NA,NA,NA,NA,"Cpip",NA,"Ju-lin_2017_ChinJVectorBiol&Control","Table 2 + Table 3","Pupation rate * eclosion rate; translated from Chinese"
"Shocket","pLA",35,308.15,0.6822,NA,NA,NA,NA,"Cpip",NA,"Ju-lin_2017_ChinJVectorBiol&Control","Table 2 + Table 3","Pupation rate * eclosion rate; translated from Chinese"
"Shocket","pLA",40,313.15,0,NA,NA,NA,NA,"Cpip",NA,"Ju-lin_2017_ChinJVectorBiol&Control","Table 2 + Table 3","Pupation rate * eclosion rate; translated from Chinese"
"Shocket","pLA",5,278.15,0,NA,NA,NA,NA,"Avex",NA,"Trpis&Shemanchuk_1970_TheCanadianEntomologist","Results text","All larvae died in 1st instar"
"Shocket","pLA",10,283.15,0.17,NA,NA,NA,NA,"Avex",NA,"Trpis&Shemanchuk_1970_TheCanadianEntomologist","Figure 1",""
"Shocket","pLA",15,288.15,0.56,NA,NA,NA,NA,"Avex",NA,"Trpis&Shemanchuk_1970_TheCanadianEntomologist","Figure 2",""
"Shocket","pLA",20,293.15,0.74,NA,NA,NA,NA,"Avex",NA,"Trpis&Shemanchuk_1970_TheCanadianEntomologist","Figure 3",""
"Shocket","pLA",25,298.15,0.86,NA,NA,NA,NA,"Avex",NA,"Trpis&Shemanchuk_1970_TheCanadianEntomologist","Figure 4",""
"Shocket","pLA",30,303.15,0.71,NA,NA,NA,NA,"Avex",NA,"Trpis&Shemanchuk_1970_TheCanadianEntomologist","Figure 5",""
"Shocket","pLA",35,308.15,0.29,0.007,0.007,NA,NA,"Cqui",NA,"Teckle_1960_AJTMH","Table 1","Used old name fatigans which is now synonymous with quinquefasciatus"
"Shocket","pLA",30,303.15,0.7,0.0092,0.0092,NA,NA,"Cqui",NA,"Teckle_1960_AJTMH","Table 1","Used old name fatigans which is now synonymous with quinquefasciatus"
"Shocket","pLA",25,298.15,0.9,0.0132,0.0132,NA,NA,"Cqui",NA,"Teckle_1960_AJTMH","Table 1","Used old name fatigans which is now synonymous with quinquefasciatus"
"Shocket","pLA",20,293.15,0.86,0.0111,0.0111,NA,NA,"Cqui",NA,"Teckle_1960_AJTMH","Table 1","Used old name fatigans which is now synonymous with quinquefasciatus"
"Shocket","pLA",15,288.15,0.86,0.006,0.006,NA,NA,"Cqui",NA,"Teckle_1960_AJTMH","Table 1","Used old name fatigans which is now synonymous with quinquefasciatus"
"Shocket","pLA",10,283.15,0.05,0.026,0.026,NA,NA,"Cqui",NA,"Teckle_1960_AJTMH","Table 1","Used old name fatigans which is now synonymous with quinquefasciatus"
"Shocket","pLA",35,308.15,0.65,0.0056,0.0056,NA,NA,"Cpip",NA,"Teckle_1960_AJTMH","Table 1",""
"Shocket","pLA",30,303.15,0.91,0.0093,0.0093,NA,NA,"Cpip",NA,"Teckle_1960_AJTMH","Table 1",""
"Shocket","pLA",25,298.15,0.85,0.013,0.013,NA,NA,"Cpip",NA,"Teckle_1960_AJTMH","Table 1",""
"Shocket","pLA",20,293.15,0.83,0.007,0.007,NA,NA,"Cpip",NA,"Teckle_1960_AJTMH","Table 1",""
"Shocket","pLA",15,288.15,0.32,0.031,0.031,NA,NA,"Cpip",NA,"Teckle_1960_AJTMH","Table 1",""
"Shocket","pLA",10,283.15,0,NA,NA,NA,NA,"Cpip",NA,"Teckle_1960_AJTMH","Table 1",""
"Shocket","pLA",15,288.15,0.362,1.6,1.6,"Density","50","Ctar",NA,"Buth_1990_JAMCA","Table 2",""
"Shocket","pLA",20,293.15,0.782,1.9,1.9,"Density","50","Ctar",NA,"Buth_1990_JAMCA","Table 2",""
"Shocket","pLA",25,298.15,0.926,1.3,1.3,"Density","50","Ctar",NA,"Buth_1990_JAMCA","Table 2",""
"Shocket","pLA",15,288.15,0.981,0.8,0.8,"Density","50","Cres",NA,"Buth_1990_JAMCA","Table 2",""
"Shocket","pLA",20,293.15,0.95,0.9,0.9,"Density","50","Cres",NA,"Buth_1990_JAMCA","Table 2",""
"Shocket","pLA",25,298.15,0.916,1.1,1.1,"Density","50","Cres",NA,"Buth_1990_JAMCA","Table 2",""
"Shocket","pLA",30,303.15,0.74,0.023,0.023,NA,NA,"Cpip",NA,"Madder_1983_JMedEntom","Table 6",""
"Shocket","pLA",25,298.15,0.953,0.018,0.018,NA,NA,"Cpip",NA,"Madder_1983_JMedEntom","Table 6",""
"Shocket","pLA",23,296.15,0.8,0.151,0.151,NA,NA,"Cpip",NA,"Madder_1983_JMedEntom","Table 6",""
"Shocket","pLA",20,293.15,0.727,0.041,0.041,NA,NA,"Cpip",NA,"Madder_1983_JMedEntom","Table 6",""
"Shocket","pLA",17,290.15,0.847,0.058,0.058,NA,NA,"Cpip",NA,"Madder_1983_JMedEntom","Table 6",""
"Shocket","pLA",15,288.15,0.72,0.02,0.02,NA,NA,"Cpip",NA,"Madder_1983_JMedEntom","Table 6",""
"Shocket","pLA",30,303.15,0.607,0.147,0.147,NA,NA,"Cres",NA,"Madder_1983_JMedEntom","Table 6",""
"Shocket","pLA",25,298.15,0.58,0.106,0.106,NA,NA,"Cres",NA,"Madder_1983_JMedEntom","Table 6",""
"Shocket","pLA",23,296.15,0.873,0.055,0.055,NA,NA,"Cres",NA,"Madder_1983_JMedEntom","Table 6",""
"Shocket","pLA",20,293.15,0.993,0.07,0.07,NA,NA,"Cres",NA,"Madder_1983_JMedEntom","Table 6",""
"Shocket","pLA",18,291.15,0.953,0.037,0.037,NA,NA,"Cres",NA,"Madder_1983_JMedEntom","Table 6",""
"Shocket","pLA",15,288.15,0.933,0.099,0.099,NA,NA,"Cres",NA,"Madder_1983_JMedEntom","Table 6",""
"Shocket","pLA",20,293.15,0.728,0.048,0.048,"Malathion concentration","0","Cres",NA,"Muturi_2011_JMedEntom","Figure 1",""
"Shocket","pLA",25,298.15,0.709,0.057,0.057,"Malathion concentration","0","Cres",NA,"Muturi_2011_JMedEntom","Figure 1",""
"Shocket","pLA",30,303.15,0.542,0.031,0.031,"Malathion concentration","0","Cres",NA,"Muturi_2011_JMedEntom","Figure 1",""
"Shocket","pLA",20,293.15,0.721,0.048,0.048,"Malathion concentration","0.003","Cres",NA,"Muturi_2011_JMedEntom","Figure 1",""
"Shocket","pLA",25,298.15,0.814,0.038,0.038,"Malathion concentration","0.003","Cres",NA,"Muturi_2011_JMedEntom","Figure 1",""
"Shocket","pLA",30,303.15,0.464,0.025,0.025,"Malathion concentration","0.003","Cres",NA,"Muturi_2011_JMedEntom","Figure 1",""
"Shocket","pLA",20,293.15,0.735,0.024,0.024,"Malathion concentration","0.007","Cres",NA,"Muturi_2011_JMedEntom","Figure 1",""
"Shocket","pLA",25,298.15,0.735,0.038,0.038,"Malathion concentration","0.007","Cres",NA,"Muturi_2011_JMedEntom","Figure 1",""
"Shocket","pLA",30,303.15,0.515,0.048,0.048,"Malathion concentration","0.007","Cres",NA,"Muturi_2011_JMedEntom","Figure 1",""
"Shocket","pLA",10,283.15,0.06,NA,NA,NA,NA,"Cmel",NA,"Mahmood_1998_JMedEntom","Table 5",""
"Shocket","pLA",16,289.15,0.076,NA,NA,NA,NA,"Cmel",NA,"Mahmood_1998_JMedEntom","Table 5",""
"Shocket","pLA",22,295.15,0.46,0.55,5,NA,NA,"Cmel",NA,"Mahmood_1998_JMedEntom","Table 5",""
"Shocket","pLA",26,299.15,0.783,0.037,3.7,NA,NA,"Cmel",NA,"Mahmood_1998_JMedEntom","Table 5",""
"Shocket","pLA",28,301.15,0.596,0.001,0.1,NA,NA,"Cmel",NA,"Mahmood_1998_JMedEntom","Table 5",""
"Shocket","pLA",32,305.15,0.01,0.007,0.7,NA,NA,"Cmel",NA,"Mahmood_1998_JMedEntom","Table 5",""
"Shocket","pLA",34,307.15,0,NA,NA,NA,NA,"Cmel",NA,"Mahmood_1998_JMedEntom","Table 5",""
"Shocket","pLA",15,288.15,0.862,0.009,0.009,"Density","50","Cino",NA,"Buth_1990_JAMCA","Table 2",""
"Shocket","pLA",20,293.15,0.916,0.008,0.008,"Density","50","Cino",NA,"Buth_1990_JAMCA","Table 2",""
"Shocket","pLA",25,298.15,0.488,0.024,0.024,"Density","50","Cino",NA,"Buth_1990_JAMCA","Table 2",""
