seriesID,trait.name,T.C,T.K,trait,ErrorPosSI,ErrorNegSI,Trait2.name,Trait,host.code,paras.code,Citation,Figure,includes.egg,Increasing,Notes
MordecaiPub,MDR,22,295.15,0.048077455,NA,NA,NA,NA,Aalb,NA,Alto_et_al_2001b_JMedEnto,,,Yes,
MordecaiPub,MDR,26,299.15,0.054535139,NA,NA,NA,NA,Aalb,NA,Alto_et_al_2001b_JMedEnto,,,Yes,
MordecaiPub,MDR,30,303.15,0.058846719,NA,NA,NA,NA,Aalb,NA,Alto_et_al_2001b_JMedEnto,,,Yes,
Shocket,1/MDR,15,288.15,37.1,NA,NA,NA,NA,Ocam,NA,Barton_2005_ProcLSNSW,,,Yes,
Shocket,1/MDR,20,293.15,26.5,NA,NA,NA,NA,Ocam,NA,Barton_2005_ProcLSNSW,,,Yes,
Shocket,1/MDR,25,298.15,20.2,NA,NA,NA,NA,Ocam,NA,Barton_2005_ProcLSNSW,,,Yes,
Shocket,1/MDR,30,303.15,13.3,NA,NA,NA,NA,Ocam,NA,Barton_2005_ProcLSNSW,,,Yes,
Shocket,1/MDR,35,308.15,12.1,NA,NA,NA,NA,Ocam,NA,Barton_2005_ProcLSNSW,,,Yes,
MordecaiPub,1/MDR,16,289.15,1000,NA,NA,NA,NA,Agam,NA,Bayoh 2003,,,Yes,
MordecaiPub,1/MDR,18,291.15,23.3,NA,NA,NA,NA,Agam,NA,Bayoh 2003,,,Yes,
MordecaiPub,1/MDR,20,293.15,20.4,NA,NA,NA,NA,Agam,NA,Bayoh 2003,,,Yes,
MordecaiPub,1/MDR,22,295.15,17.5,NA,NA,NA,NA,Agam,NA,Bayoh 2003,,,Yes,
MordecaiPub,1/MDR,24,297.15,13.5,NA,NA,NA,NA,Agam,NA,Bayoh 2003,,,Yes,
MordecaiPub,1/MDR,26,299.15,11.5,NA,NA,NA,NA,Agam,NA,Bayoh 2003,,,Yes,
MordecaiPub,1/MDR,28,301.15,9.8,NA,NA,NA,NA,Agam,NA,Bayoh 2003,,,Yes,
MordecaiPub,1/MDR,30,303.15,10,NA,NA,NA,NA,Agam,NA,Bayoh 2003,,,No,
MordecaiPub,1/MDR,32,305.15,10.2,NA,NA,NA,NA,Agam,NA,Bayoh 2003,,,No,
MordecaiPub,1/MDR,34,307.15,1000,NA,NA,NA,NA,Agam,NA,Bayoh 2003,,,No,
Shocket,1/MDR,16.5,289.65,1.8,NA,NA,Photoperiod,13 L,Trut,NA,Bradshaw_1977_BioBull,Figure 1B,No,?,
Shocket,1/MDR,16.5,289.65,2.2,NA,NA,Photoperiod,14 L,Trut,NA,Bradshaw_1977_BioBull,Figure 1B,No,?,
Shocket,1/MDR,21,294.15,3,NA,NA,Photoperiod,13 L,Trut,NA,Bradshaw_1977_BioBull,Figure 1B,No,?,
Shocket,1/MDR,21,294.15,5.3,NA,NA,Photoperiod,14 L,Trut,NA,Bradshaw_1977_BioBull,Figure 1B,No,?,
Shocket,1/MDR,25,298.15,4,NA,NA,Photoperiod,13 L,Trut,NA,Bradshaw_1977_BioBull,Figure 1B,No,?,
Shocket,1/MDR,25,298.15,5.8,NA,NA,Photoperiod,14 L,Trut,NA,Bradshaw_1977_BioBull,Figure 1B,No,?,
MordecaiPub,MDR,12,285.15,0.01818,NA,NA,NA,NA,Aalb,NA,Briegel_etal_2001_JMedEnto,,,Yes,
MordecaiPub,MDR,17,290.15,0.02941,NA,NA,NA,NA,Aalb,NA,Briegel_etal_2001_JMedEnto,,,Yes,
MordecaiPub,MDR,27,300.15,0.07143,NA,NA,NA,NA,Aalb,NA,Briegel_etal_2001_JMedEnto,,,Yes,
MordecaiPub,MDR,32,305.15,0.03125,NA,NA,NA,NA,Aalb,NA,Briegel_etal_2001_JMedEnto,,,No,
Shocket,1/MDR,21,294.15,36.52,0.71,0.71,Sex,Female,Anig,NA,Brust_1967_CanEntomol,Table 2,,Yes,Converted from hours to days
Shocket,1/MDR,26.5,299.65,15.46,0.48,0.48,Sex,Female,Anig,NA,Brust_1967_CanEntomol,Table 2,,Yes,Converted from hours to days
Shocket,1/MDR,32,305.15,18.19,0.52,0.52,Sex,Female,Anig,NA,Brust_1967_CanEntomol,Table 2,,No,Converted from hours to days
Numazu_7,1/MDR,21,294.15,31.88,0.6,0.6,Sex,Female,Avex,NA,Brust_1967_CanEntomol,Table 1,,Yes,Converted from hours to days
Numazu_7,1/MDR,26.5,299.65,16.06,0.54,0.54,Sex,Female,Avex,NA,Brust_1967_CanEntomol,Table 1,,Yes,Converted from hours to days
Numazu_7,1/MDR,32,305.15,13.02,0.46,0.46,Sex,Female,Avex,NA,Brust_1967_CanEntomol,Table 1,,Yes,Converted from hours to days
Shocket,1/MDR,15,288.15,22,0.4,0.4,Density,50,Cres,NA,Buth_1990_JAMCA,Table 2,,Yes,
Shocket,1/MDR,20,293.15,11.6,0.2,0.2,Density,50,Cres,NA,Buth_1990_JAMCA,Table 2,,Yes,
Shocket,1/MDR,25,298.15,8.1,0.5,0.5,Density,50,Cres,NA,Buth_1990_JAMCA,Table 2,,Yes,
Shocket,1/MDR,15,288.15,34.6,0.6,0.6,Density,50,Ctar,NA,Buth_1990_JAMCA,Table 2,,Yes,
Shocket,1/MDR,20,293.15,18.2,0.5,0.5,Density,50,Ctar,NA,Buth_1990_JAMCA,Table 2,,Yes,
Shocket,1/MDR,25,298.15,12.8,0.4,0.4,Density,50,Ctar,NA,Buth_1990_JAMCA,Table 2,,Yes,
Shocket,1/MDR,15,288.15,23.8,0.6,0.6,Density,50,Cino,NA,Buth_1990_JAMCA,Table 2,,Yes,
Shocket,1/MDR,20,293.15,20.6,0.6,0.6,Density,50,Cino,NA,Buth_1990_JAMCA,Table 2,,Yes,
Shocket,1/MDR,25,298.15,13.6,0.5,0.5,Density,50,Cino,NA,Buth_1990_JAMCA,Table 2,,Yes,
MordecaiPub,MDR,15,288.15,0.012539185,NA,NA,NA,NA,Aalb,NA,Calado_Navarro-Silva_2002b_RevSaudaPublica,,,Yes,
MordecaiPub,MDR,20,293.15,0.025510204,NA,NA,NA,NA,Aalb,NA,Calado_Navarro-Silva_2002b_RevSaudaPublica,,,Yes,
MordecaiPub,MDR,25,298.15,0.042087542,NA,NA,NA,NA,Aalb,NA,Calado_Navarro-Silva_2002b_RevSaudaPublica,,,Yes,
MordecaiPub,MDR,30,303.15,0.054112554,NA,NA,NA,NA,Aalb,NA,Calado_Navarro-Silva_2002b_RevSaudaPublica,,,Yes,
Moye_11,1/MDR,16,289.15,29.4,0.4357714,0.4357714,Population,Lab colony,Cpip,NA,Ciota_2014_JMedEntom,Figure 1,,Yes,
Moye_13,1/MDR,16,289.15,19.6,0.1943815,0.1943815,Population,Field-derived,Cpip,NA,Ciota_2014_JMedEntom,Figure 1,,Yes,
Moye_11,1/MDR,20,293.15,15.1,0.0937053,0.0937053,Population,Lab colony,Cpip,NA,Ciota_2014_JMedEntom,Figure 1,,Yes,
Moye_13,1/MDR,20,293.15,16.1,0.0546244,0.0546244,Population,Field-derived,Cpip,NA,Ciota_2014_JMedEntom,Figure 1,,Yes,
Moye_11,1/MDR,24,297.15,12.2,0.0887227,0.0887227,Population,Lab colony,Cpip,NA,Ciota_2014_JMedEntom,Figure 1,,Yes,
Moye_13,1/MDR,24,297.15,11.9,0.1243498,0.1243498,Population,Field-derived,Cpip,NA,Ciota_2014_JMedEntom,Figure 1,,Yes,
Moye_11,1/MDR,28,301.15,9.1,0.0344341,0.0344341,Population,Lab colony,Cpip,NA,Ciota_2014_JMedEntom,Figure 1,,Yes,
Moye_13,1/MDR,28,301.15,9.5,0.0232628,0.0232628,Population,Field-derived,Cpip,NA,Ciota_2014_JMedEntom,Figure 1,,Yes,
Moye_11,1/MDR,32,305.15,9.9,0.0641164,0.0641164,Population,Lab colony,Cpip,NA,Ciota_2014_JMedEntom,Figure 1,,No,
Moye_13,1/MDR,32,305.15,8.8,0.0576678,0.0576678,Population,Field-derived,Cpip,NA,Ciota_2014_JMedEntom,Figure 1,,No,
Moye_12,1/MDR,16,289.15,25.2,0.2332855,0.2332855,Population,Lab colony,Cqui,NA,Ciota_2014_JMedEntom,Figure 1,,Yes,
Moye_14,1/MDR,16,289.15,24.8,0.3293962,0.3293962,Population,Field-derived,Cqui,NA,Ciota_2014_JMedEntom,Figure 1,,Yes,
Moye_12,1/MDR,20,293.15,18.4,0.1385335,0.1385335,Population,Lab colony,Cqui,NA,Ciota_2014_JMedEntom,Figure 1,,Yes,
Moye_14,1/MDR,20,293.15,15.6,0.1800174,0.1800174,Population,Field-derived,Cqui,NA,Ciota_2014_JMedEntom,Figure 1,,Yes,
Moye_12,1/MDR,24,297.15,11.9,0.1896116,0.1896116,Population,Lab colony,Cqui,NA,Ciota_2014_JMedEntom,Figure 1,,Yes,
Moye_14,1/MDR,24,297.15,11.3,0.085207,0.085207,Population,Field-derived,Cqui,NA,Ciota_2014_JMedEntom,Figure 1,,Yes,
Moye_12,1/MDR,28,301.15,10.7,0.1007781,0.1007781,Population,Lab colony,Cqui,NA,Ciota_2014_JMedEntom,Figure 1,,Yes,
Moye_14,1/MDR,28,301.15,9.7,0.0319333,0.0319333,Population,Field-derived,Cqui,NA,Ciota_2014_JMedEntom,Figure 1,,Yes,
Moye_12,1/MDR,32,305.15,9.3,0.1232882,0.1232882,Population,Lab colony,Cqui,NA,Ciota_2014_JMedEntom,Figure 1,,Yes,
Moye_14,1/MDR,32,305.15,9.5,0.0345426,0.0345426,Population,Field-derived,Cqui,NA,Ciota_2014_JMedEntom,Figure 1,,Yes,
Shocket,1/MDR,16,289.15,18.2,0.302663438,0.302663438,NA,NA,Cres,NA,Ciota_2014_JMedEntom,Figure 1,,Yes,
Shocket,1/MDR,20,293.15,13.9,0.242130751,0.242130751,NA,NA,Cres,NA,Ciota_2014_JMedEntom,Figure 1,,Yes,
Shocket,1/MDR,24,297.15,10.8,0.181598063,0.181598063,NA,NA,Cres,NA,Ciota_2014_JMedEntom,Figure 1,,Yes,
Shocket,1/MDR,28,301.15,9.6,0.242130751,0.242130751,NA,NA,Cres,NA,Ciota_2014_JMedEntom,Figure 1,,Yes,
Shocket,1/MDR,32,305.15,9.4,0.181598063,0.181598063,NA,NA,Cres,NA,Ciota_2014_JMedEntom,Figure 1,,No,
MordecaiPub,MDR,15,288.15,0.032876712,NA,NA,NA,NA,Aalb,NA,Delatte_etal_2009_JMedEnto,,,Yes,
MordecaiPub,MDR,15,288.15,0.027952481,NA,NA,NA,NA,Aalb,NA,Delatte_etal_2009_JMedEnto,,,Yes,
MordecaiPub,MDR,15,288.15,0.029813665,NA,NA,NA,NA,Aalb,NA,Delatte_etal_2009_JMedEnto,,,Yes,
MordecaiPub,MDR,15,288.15,0.032476319,NA,NA,NA,NA,Aalb,NA,Delatte_etal_2009_JMedEnto,,,Yes,
MordecaiPub,MDR,15,288.15,0.028985507,NA,NA,NA,NA,Aalb,NA,Delatte_etal_2009_JMedEnto,,,Yes,
MordecaiPub,MDR,15,288.15,0.03033367,NA,NA,NA,NA,Aalb,NA,Delatte_etal_2009_JMedEnto,,,Yes,
MordecaiPub,MDR,15,288.15,0.033333333,NA,NA,NA,NA,Aalb,NA,Delatte_etal_2009_JMedEnto,,,Yes,
MordecaiPub,MDR,15,288.15,0.029739777,NA,NA,NA,NA,Aalb,NA,Delatte_etal_2009_JMedEnto,,,Yes,
MordecaiPub,MDR,20,293.15,0.104347826,NA,NA,NA,NA,Aalb,NA,Delatte_etal_2009_JMedEnto,,,Yes,
MordecaiPub,MDR,20,293.15,0.082379863,NA,NA,NA,NA,Aalb,NA,Delatte_etal_2009_JMedEnto,,,Yes,
MordecaiPub,MDR,20,293.15,0.089241448,NA,NA,NA,NA,Aalb,NA,Delatte_etal_2009_JMedEnto,,,Yes,
MordecaiPub,MDR,20,293.15,0.092273892,NA,NA,NA,NA,Aalb,NA,Delatte_etal_2009_JMedEnto,,,Yes,
MordecaiPub,MDR,20,293.15,0.071319409,NA,NA,NA,NA,Aalb,NA,Delatte_etal_2009_JMedEnto,,,Yes,
MordecaiPub,MDR,20,293.15,0.071784646,NA,NA,NA,NA,Aalb,NA,Delatte_etal_2009_JMedEnto,,,Yes,
MordecaiPub,MDR,20,293.15,0.106904232,NA,NA,NA,NA,Aalb,NA,Delatte_etal_2009_JMedEnto,,,Yes,
MordecaiPub,MDR,20,293.15,0.082987552,NA,NA,NA,NA,Aalb,NA,Delatte_etal_2009_JMedEnto,,,Yes,
MordecaiPub,MDR,25,298.15,0.144578313,NA,NA,NA,NA,Aalb,NA,Delatte_etal_2009_JMedEnto,,,Yes,
MordecaiPub,MDR,25,298.15,0.145228216,NA,NA,NA,NA,Aalb,NA,Delatte_etal_2009_JMedEnto,,,Yes,
MordecaiPub,MDR,25,298.15,0.131004367,NA,NA,NA,NA,Aalb,NA,Delatte_etal_2009_JMedEnto,,,Yes,
MordecaiPub,MDR,25,298.15,0.176322418,NA,NA,NA,NA,Aalb,NA,Delatte_etal_2009_JMedEnto,,,Yes,
MordecaiPub,MDR,25,298.15,0.122511485,NA,NA,NA,NA,Aalb,NA,Delatte_etal_2009_JMedEnto,,,Yes,
MordecaiPub,MDR,25,298.15,0.108583247,NA,NA,NA,NA,Aalb,NA,Delatte_etal_2009_JMedEnto,,,Yes,
MordecaiPub,MDR,25,298.15,0.128824477,NA,NA,NA,NA,Aalb,NA,Delatte_etal_2009_JMedEnto,,,Yes,
MordecaiPub,MDR,25,298.15,0.105527638,NA,NA,NA,NA,Aalb,NA,Delatte_etal_2009_JMedEnto,,,Yes,
MordecaiPub,MDR,30,303.15,0.211764706,NA,NA,NA,NA,Aalb,NA,Delatte_etal_2009_JMedEnto,,,Yes,
MordecaiPub,MDR,30,303.15,0.199445983,NA,NA,NA,NA,Aalb,NA,Delatte_etal_2009_JMedEnto,,,Yes,
MordecaiPub,MDR,30,303.15,0.162162162,NA,NA,NA,NA,Aalb,NA,Delatte_etal_2009_JMedEnto,,,Yes,
MordecaiPub,MDR,30,303.15,0.171428571,NA,NA,NA,NA,Aalb,NA,Delatte_etal_2009_JMedEnto,,,Yes,
MordecaiPub,MDR,30,303.15,0.154340836,NA,NA,NA,NA,Aalb,NA,Delatte_etal_2009_JMedEnto,,,Yes,
MordecaiPub,MDR,30,303.15,0.115226337,NA,NA,NA,NA,Aalb,NA,Delatte_etal_2009_JMedEnto,,,Yes,
MordecaiPub,MDR,30,303.15,0.147239264,NA,NA,NA,NA,Aalb,NA,Delatte_etal_2009_JMedEnto,,,Yes,
MordecaiPub,MDR,30,303.15,0.151679307,NA,NA,NA,NA,Aalb,NA,Delatte_etal_2009_JMedEnto,,,Yes,
MordecaiPub,MDR,35,308.15,0.190800681,NA,NA,NA,NA,Aalb,NA,Delatte_etal_2009_JMedEnto,,,No,
MordecaiPub,MDR,35,308.15,0.181818182,NA,NA,NA,NA,Aalb,NA,Delatte_etal_2009_JMedEnto,,,No,
Moye_005,1/MDR,19,292.15,15.6,NA,NA,Population,Coachella Valley,Ctar,WNV,Dodson_2012_Parasites&Vectors,Table 2,,Yes,Day to first emergence (not mean)
Moye_005,1/MDR,19,292.15,17,NA,NA,Population,Coachella Valley,Ctar,WNV,Dodson_2012_Parasites&Vectors,Table 2,,Yes,Day to first emergence (not mean)
Moye_006,1/MDR,19,292.15,17,NA,NA,Population,Yolo County,Ctar,WNV,Dodson_2012_Parasites&Vectors,Table 2,,Yes,Day to first emergence (not mean)
Moye_006,1/MDR,19,292.15,13.6,NA,NA,Population,Yolo County,Ctar,WNV,Dodson_2012_Parasites&Vectors,Table 2,,Yes,Day to first emergence (not mean)
Moye_005,1/MDR,25,298.15,10,NA,NA,Population,Coachella Valley,Ctar,WNV,Dodson_2012_Parasites&Vectors,Table 2,,Yes,Day to first emergence (not mean)
Moye_005,1/MDR,25,298.15,9.8,NA,NA,Population,Coachella Valley,Ctar,WNV,Dodson_2012_Parasites&Vectors,Table 2,,Yes,Day to first emergence (not mean)
Moye_006,1/MDR,25,298.15,10.2,NA,NA,Population,Yolo County,Ctar,WNV,Dodson_2012_Parasites&Vectors,Table 2,,Yes,Day to first emergence (not mean)
Moye_006,1/MDR,25,298.15,10,NA,NA,Population,Yolo County,Ctar,WNV,Dodson_2012_Parasites&Vectors,Table 2,,Yes,Day to first emergence (not mean)
Moye_005,1/MDR,31,304.15,9.2,NA,NA,Population,Coachella Valley,Ctar,WNV,Dodson_2012_Parasites&Vectors,Table 2,,Yes,Day to first emergence (not mean)
Moye_005,1/MDR,31,304.15,10.6,NA,NA,Population,Coachella Valley,Ctar,WNV,Dodson_2012_Parasites&Vectors,Table 2,,Yes,Day to first emergence (not mean)
Moye_006,1/MDR,31,304.15,7.6,NA,NA,Population,Yolo County,Ctar,WNV,Dodson_2012_Parasites&Vectors,Table 2,,Yes,Day to first emergence (not mean)
Moye_006,1/MDR,31,304.15,7.6,NA,NA,Population,Yolo County,Ctar,WNV,Dodson_2012_Parasites&Vectors,Table 2,,Yes,Day to first emergence (not mean)
MordecaiPub,MDR,20,293.15,0.062663185,NA,NA,NA,NA,Aalb,NA,Ezeakacha_Dissertation_2015,,,Yes,
MordecaiPub,MDR,20,293.15,0.060913091,NA,NA,NA,NA,Aalb,NA,Ezeakacha_Dissertation_2015,,,Yes,
MordecaiPub,MDR,20,293.15,0.054318904,NA,NA,NA,NA,Aalb,NA,Ezeakacha_Dissertation_2015,,,Yes,
MordecaiPub,MDR,27,300.15,0.12064632,NA,NA,NA,NA,Aalb,NA,Ezeakacha_Dissertation_2015,,,Yes,
MordecaiPub,MDR,27,300.15,0.112511735,NA,NA,NA,NA,Aalb,NA,Ezeakacha_Dissertation_2015,,,Yes,
MordecaiPub,MDR,27,300.15,0.095997154,NA,NA,NA,NA,Aalb,NA,Ezeakacha_Dissertation_2015,,,Yes,
MordecaiPub,MDR,34,307.15,0.101061142,NA,NA,NA,NA,Aalb,NA,Ezeakacha_Dissertation_2015,,,No,
MordecaiPub,MDR,34,307.15,0.095663265,NA,NA,NA,NA,Aalb,NA,Ezeakacha_Dissertation_2015,,,No,
MordecaiPub,MDR,34,307.15,0.084262451,NA,NA,NA,NA,Aalb,NA,Ezeakacha_Dissertation_2015,,,No,
MordecaiPub,MDR,6,279.15,0.001,NA,NA,NA,NA,Atri,NA,Jalil 1972,,,Yes,"Is actually 0, but changed to .001"
MordecaiPub,MDR,8,281.15,0.001,NA,NA,NA,NA,Atri,NA,Jalil 1972,,,Yes,"Is actually 0, but changed to .001"
MordecaiPub,MDR,10,283.15,0.016393443,NA,NA,NA,NA,Atri,NA,Jalil 1972,,,Yes,
MordecaiPub,MDR,12,285.15,0.019230769,NA,NA,NA,NA,Atri,NA,Jalil 1972,,,Yes,
MordecaiPub,MDR,16,289.15,0.027777778,NA,NA,NA,NA,Atri,NA,Jalil 1972,,,Yes,
MordecaiPub,MDR,20,293.15,0.05,NA,NA,NA,NA,Atri,NA,Jalil 1972,,,Yes,
MordecaiPub,MDR,24,297.15,0.083333333,NA,NA,NA,NA,Atri,NA,Jalil 1972,,,Yes,
MordecaiPub,MDR,28,301.15,0.111111111,NA,NA,NA,NA,Atri,NA,Jalil 1972,,,Yes,
MordecaiPub,MDR,32,305.15,0.142857143,NA,NA,NA,NA,Atri,NA,Jalil 1972,,,Yes,
MordecaiPub,MDR,36,309.15,0.125,NA,NA,NA,NA,Atri,NA,Jalil 1972,,,Yes,
MordecaiPub,MDR,38,311.15,0.001,NA,NA,NA,NA,Atri,NA,Jalil 1972,,,No,"Is actually 0, but changed to .001"
Shocket,1/MDR,10,283.15,48.34,NA,NA,NA,NA,Cpip,NA,Ju-lin_2017_ChinJVectorBiol&Control,Table 2 + Table 3,,Yes,Pupation time (from larvae to pupa) + eclosion time (pupa + adult); translated from Chinese
Shocket,1/MDR,15,288.15,30.17,NA,NA,NA,NA,Cpip,NA,Ju-lin_2017_ChinJVectorBiol&Control,Table 2 + Table 3,,Yes,Pupation time (from larvae to pupa) + eclosion time (pupa + adult); translated from Chinese
Shocket,1/MDR,20,293.15,22.03,NA,NA,NA,NA,Cpip,NA,Ju-lin_2017_ChinJVectorBiol&Control,Table 2 + Table 3,,Yes,Pupation time (from larvae to pupa) + eclosion time (pupa + adult); translated from Chinese
Shocket,1/MDR,25,298.15,16.64,NA,NA,NA,NA,Cpip,NA,Ju-lin_2017_ChinJVectorBiol&Control,Table 2 + Table 3,,Yes,Pupation time (from larvae to pupa) + eclosion time (pupa + adult); translated from Chinese
Shocket,1/MDR,30,303.15,11.69,NA,NA,NA,NA,Cpip,NA,Ju-lin_2017_ChinJVectorBiol&Control,Table 2 + Table 3,,Yes,Pupation time (from larvae to pupa) + eclosion time (pupa + adult); translated from Chinese
Shocket,1/MDR,35,308.15,10.4,NA,NA,NA,NA,Cpip,NA,Ju-lin_2017_ChinJVectorBiol&Control,Table 2 + Table 3,,No,Pupation time (from larvae to pupa) + eclosion time (pupa + adult); translated from Chinese
Shocket,1/MDR,40,313.15,1000,NA,NA,NA,NA,Cpip,NA,Ju-lin_2017_ChinJVectorBiol&Control,Table 2 + Table 3,,No,0% pupation rate
MordecaiPub,MDR,20,293.15,0.00104,NA,NA,NA,NA,Aaeg,NA,Kamimura_et_al_2002_JapanSocMedEnt&Zoo,,,Yes,
MordecaiPub,MDR,20,293.15,0.06215,NA,NA,NA,NA,Aaeg,NA,Kamimura_et_al_2002_JapanSocMedEnt&Zoo,,,Yes,
MordecaiPub,MDR,20,293.15,0.06427,NA,NA,NA,NA,Aaeg,NA,Kamimura_et_al_2002_JapanSocMedEnt&Zoo,,,Yes,
MordecaiPub,MDR,25,298.15,0.09634,NA,NA,NA,NA,Aaeg,NA,Kamimura_et_al_2002_JapanSocMedEnt&Zoo,,,Yes,
MordecaiPub,MDR,25,298.15,0.09285,NA,NA,NA,NA,Aaeg,NA,Kamimura_et_al_2002_JapanSocMedEnt&Zoo,,,Yes,
MordecaiPub,MDR,25,298.15,0.08467,NA,NA,NA,NA,Aaeg,NA,Kamimura_et_al_2002_JapanSocMedEnt&Zoo,,,Yes,
MordecaiPub,MDR,30,303.15,0.1218,NA,NA,NA,NA,Aaeg,NA,Kamimura_et_al_2002_JapanSocMedEnt&Zoo,,,Yes,
MordecaiPub,MDR,30,303.15,0.12804,NA,NA,NA,NA,Aaeg,NA,Kamimura_et_al_2002_JapanSocMedEnt&Zoo,,,Yes,
MordecaiPub,MDR,30,303.15,0.13333,NA,NA,NA,NA,Aaeg,NA,Kamimura_et_al_2002_JapanSocMedEnt&Zoo,,,Yes,
Shocket,1/MDR,20,293.15,26.28,1.28,1.28,NA,NA,Cmol,NA,KiarieMakura_2015_Jpharm&BioSciences,Tables 1 + 2 + 6,,Yes,
Shocket,1/MDR,24,297.15,19.44,0.92,0.92,NA,NA,Cmol,NA,KiarieMakura_2015_Jpharm&BioSciences,Tables 1 + 2 + 7,,Yes,
Shocket,1/MDR,28,301.15,12.84,1.35,1.35,NA,NA,Cmol,NA,KiarieMakura_2015_Jpharm&BioSciences,Tables 1 + 2 + 8,,Yes,
Shocket,1/MDR,20,293.15,24.08,2.72,2.72,NA,NA,Cpal,NA,KiarieMakura_2015_Jpharm&BioSciences,Tables 1 + 2 + 3,,Yes,
Shocket,1/MDR,24,297.15,17.63,7.83,7.83,NA,NA,Cpal,NA,KiarieMakura_2015_Jpharm&BioSciences,Tables 1 + 2 + 4,,Yes,
Shocket,1/MDR,28,301.15,11.75,1.26,1.26,NA,NA,Cpal,NA,KiarieMakura_2015_Jpharm&BioSciences,Tables 1 + 2 + 5,,Yes,
Shocket_109+110,1/MDR,10,283.15,39.8,1.9,1.9,NA,NA,Cpip,NA,Loetti_2011_JNatHist,Table 2,,Yes,
Shocket_109,1/MDR,15,288.15,21.6,1.6,1.6,NA,NA,Cpip,NA,Loetti_2011_JNatHist,Table 2,,Yes,
Shocket_109,1/MDR,20,293.15,13.3,2,2,NA,NA,Cpip,NA,Loetti_2011_JNatHist,Table 2,,Yes,
Shocket_109,1/MDR,25,298.15,10.2,1.9,1.9,NA,NA,Cpip,NA,Loetti_2011_JNatHist,Table 2,,Yes,
Shocket_109,1/MDR,30,303.15,8,1,1,NA,NA,Cpip,NA,Loetti_2011_JNatHist,Table 2,,Yes,
Shocket_109,1/MDR,33,306.15,11.5,NA,NA,NA,NA,Cpip,NA,Loetti_2011_JNatHist,Table 2,,No,
Shocket,1/MDR,15,288.15,27.1,1.5,1.5,NA,NA,Cpip,NA,Madder_1983_JMedEntom,Table 6,,Yes,
Shocket,1/MDR,17,290.15,16,0.4,0.4,NA,NA,Cpip,NA,Madder_1983_JMedEntom,Table 6,,Yes,
Shocket,1/MDR,20,293.15,11.6,0.3,0.3,NA,NA,Cpip,NA,Madder_1983_JMedEntom,Table 6,,Yes,
Shocket,1/MDR,23,296.15,11.5,0.1,0.1,NA,NA,Cpip,NA,Madder_1983_JMedEntom,Table 6,,Yes,
Shocket,1/MDR,25,298.15,7,0.1,0.1,NA,NA,Cpip,NA,Madder_1983_JMedEntom,Table 6,,Yes,
Shocket,1/MDR,30,303.15,6.9,0.1,0.1,NA,NA,Cpip,NA,Madder_1983_JMedEntom,Table 6,,Yes,
Shocket,1/MDR,15,288.15,26.5,0.6,0.6,NA,NA,Cres,NA,Madder_1983_JMedEntom,Table 6,,Yes,
Shocket,1/MDR,18,291.15,16,0.1,0.1,NA,NA,Cres,NA,Madder_1983_JMedEntom,Table 6,,Yes,
Shocket,1/MDR,20,293.15,14.3,0.3,0.3,NA,NA,Cres,NA,Madder_1983_JMedEntom,Table 6,,Yes,
Shocket,1/MDR,23,296.15,11.2,0.2,0.2,NA,NA,Cres,NA,Madder_1983_JMedEntom,Table 6,,Yes,
Shocket,1/MDR,25,298.15,8.5,0.3,0.3,NA,NA,Cres,NA,Madder_1983_JMedEntom,Table 6,,Yes,
Shocket,1/MDR,30,303.15,7.3,0.4,0.4,NA,NA,Cres,NA,Madder_1983_JMedEntom,Table 6,,Yes,
Shocket,1/MDR,10,283.15,244.3,NA,NA,NA,NA,Cmel,NA,Mahmood_1998_JMedEntom,Table 2,,Yes,
Shocket,1/MDR,16,289.15,101.1,NA,NA,NA,NA,Cmel,NA,Mahmood_1998_JMedEntom,Table 2,,Yes,
Shocket,1/MDR,22,295.15,27.7,0.5,0.5,NA,NA,Cmel,NA,Mahmood_1998_JMedEntom,Table 2,,Yes,
Shocket,1/MDR,26,299.15,32.4,0.9,0.9,NA,NA,Cmel,NA,Mahmood_1998_JMedEntom,Table 2,,Yes,
Shocket,1/MDR,28,301.15,19.2,0.4,0.4,NA,NA,Cmel,NA,Mahmood_1998_JMedEntom,Table 2,,Yes,
Shocket,1/MDR,32,305.15,22.7,1.7,1.7,NA,NA,Cmel,NA,Mahmood_1998_JMedEntom,Table 2,,Yes,
Shocket,1/MDR,10,283.15,1000,NA,NA,NA,NA,Cann,NA,McDonald_1980_AusJofEco,,,Yes,was originally MDR = 0 now 1/MDR = 1000
Shocket,1/MDR,15,288.15,37,NA,NA,NA,NA,Cann,NA,McDonald_1980_AusJofEco,,,Yes,
Shocket,1/MDR,20,293.15,16.82,NA,NA,NA,NA,Cann,NA,McDonald_1980_AusJofEco,,,Yes,
Shocket,1/MDR,25,298.15,13.48,NA,NA,NA,NA,Cann,NA,McDonald_1980_AusJofEco,,,Yes,
Shocket,1/MDR,30,303.15,9.25,NA,NA,NA,NA,Cann,NA,McDonald_1980_AusJofEco,,,Yes,
Shocket,1/MDR,35,308.15,8.57,NA,NA,NA,NA,Cann,NA,McDonald_1980_AusJofEco,,,Yes,
Shocket,1/MDR,40,313.15,1000,NA,NA,NA,NA,Cann,NA,McDonald_1980_AusJofEco,,,No,was originally MDR = 0 now 1/MDR = 1000
Shocket,1/MDR,10,283.15,1000,NA,NA,NA,NA,Cpal,NA,Mogi_1992_AnnalsoftheEnt.SocietyofAmerica,Results text,,Yes,Day length co-varied with temperature - 10 hr for 15 degrees
Numazu_11,1/MDR,10,283.15,1000,NA,NA,Population,Auckland NZ,Cqui,NA,Mogi_1992_AnnalsoftheEnt.SocietyofAmerica,Results text,,Yes,Day length co-varied with temperature - 10 hr for 15 degrees
Numazu_11,1/MDR,10,283.15,1000,NA,NA,Population,Auckland NZ,Cqui,NA,Mogi_1992_AnnalsoftheEnt.SocietyofAmerica,Results text,,Yes,Day length co-varied with temperature - 10 hr for 15 degrees
Numazu_11,1/MDR,10,283.15,1000,NA,NA,Population,Suva Fiji,Cqui,NA,Mogi_1992_AnnalsoftheEnt.SocietyofAmerica,Results text,,Yes,Day length co-varied with temperature - 10 hr for 15 degrees
Shocket,1/MDR,15,288.15,1000,NA,NA,NA,NA,Cann,NA,Mottram_1986_JAustEntSoc,,,Yes,was originally MDR = 0 now 1/MDR = 1000
Shocket,1/MDR,20,293.15,25.3,NA,NA,NA,NA,Cann,NA,Mottram_1986_JAustEntSoc,,,Yes,
Shocket,1/MDR,25,298.15,16.7,NA,NA,NA,NA,Cann,NA,Mottram_1986_JAustEntSoc,,,Yes,
Shocket,1/MDR,30,303.15,10.8,NA,NA,NA,NA,Cann,NA,Mottram_1986_JAustEntSoc,,,Yes,
Shocket,1/MDR,35,308.15,7.1,NA,NA,NA,NA,Cann,NA,Mottram_1986_JAustEntSoc,,,Yes,
Shocket,1/MDR,40,313.15,1000,NA,NA,NA,NA,Cann,NA,Mottram_1986_JAustEntSoc,,,No,was originally MDR = 0 now 1/MDR = 1000
Numazu_1,1/MDR,25,298.15,20.02,0.12,0.12,insecticide concentration,0,Cqui,NA,Mpho_2001_Chemosphere,Figure 1,,Yes,
Numazu_1,1/MDR,25,298.15,19.72,0.12,0.12,insecticide concentration,0.00011,Cqui,NA,Mpho_2001_Chemosphere,Figure 1,,Yes,
Numazu_1,1/MDR,30,303.15,16.43,0.3,0.3,insecticide concentration,0,Cqui,NA,Mpho_2001_Chemosphere,Figure 1,,Yes,
Numazu_1,1/MDR,30,303.15,16.49,0.24,0.24,insecticide concentration,0.00011,Cqui,NA,Mpho_2001_Chemosphere,Figure 1,,Yes,
Numazu_1,1/MDR,37,310.15,12.65,0.18,0.18,insecticide concentration,0,Cqui,NA,Mpho_2001_Chemosphere,Figure 1,,No,
Numazu_1,1/MDR,37,310.15,12.77,0.3,0.3,insecticide concentration,0.00011,Cqui,NA,Mpho_2001_Chemosphere,Figure 1,,No,
Shocket,1/MDR,25,298.15,21.72,0.277,0.277,Population,Kotta (field derived strain),Cpip,NA,Mpho_2002_EuroJEntom,Table 1,,Yes,
Shocket,1/MDR,25,298.15,19.34,0.644,0.644,Population,Temix (insecticide resistant lab strain),Cpip,NA,Mpho_2002_EuroJEntom,Table 1,,Yes,
Shocket,1/MDR,25,298.15,20.06,0.16,0.16,Population,S-lab (standard lab strain),Cpip,NA,Mpho_2002_EuroJEntom,Table 1,,Yes,
Shocket,1/MDR,30,303.15,18.33,0.191,0.191,Population,Kotta (field derived strain),Cpip,NA,Mpho_2002_EuroJEntom,Table 1,,Yes,
Shocket,1/MDR,30,303.15,14.55,0.653,0.653,Population,Temix (insecticide resistant lab strain),Cpip,NA,Mpho_2002_EuroJEntom,Table 1,,Yes,
Shocket,1/MDR,30,303.15,16.5,0.204,0.204,Population,S-lab (standard lab strain),Cpip,NA,Mpho_2002_EuroJEntom,Table 1,,No,
Shocket,1/MDR,37,310.15,16.23,0.422,0.422,Population,Kotta (field derived strain),Cpip,NA,Mpho_2002_EuroJEntom,Table 1,,No,
Shocket,1/MDR,37,310.15,14.22,0.361,0.361,Population,Temix (insecticide resistant lab strain),Cpip,NA,Mpho_2002_EuroJEntom,Table 1,,No,
Shocket,1/MDR,37,310.15,12.67,0.167,0.167,Population,S-lab (standard lab strain),Cpip,NA,Mpho_2002_EuroJEntom,Table 1,,No,
Verwillow_15,1/MDR,25,298.15,18.24,0.42,0.42,NA,NA,Cpip,NA,Mpho_2002_Heredity,Results text,,Yes,
Verwillow_15,1/MDR,30,303.15,15.86,0.46,0.46,NA,NA,Cpip,NA,Mpho_2002_Heredity,Results text,,Yes,
Verwillow_15,1/MDR,37,310.15,14.98,0.42,0.42,NA,NA,Cpip,NA,Mpho_2002_Heredity,Results text,,No,
Shocket,1/MDR,20,293.15,12.5,0.12,0.12,NA,NA,Cres,NA,Muturi_2011_JMedEntom,Table 3,,Yes,
Shocket,1/MDR,25,298.15,7.8,0.08,0.08,NA,NA,Cres,NA,Muturi_2011_JMedEntom,Table 3,,Yes,
Shocket,1/MDR,30,303.15,7.5,0.22,0.22,NA,NA,Cres,NA,Muturi_2011_JMedEntom,Table 3,,Yes,
MordecaiPub,MDR,20,293.15,0.063694268,NA,NA,NA,NA,Aalb,NA,Muturi_et_al_2011_JMedEnto,,,Yes,
MordecaiPub,MDR,20,293.15,0.064102564,NA,NA,NA,NA,Aalb,NA,Muturi_et_al_2011_JMedEnto,,,Yes,
MordecaiPub,MDR,25,298.15,0.101626016,NA,NA,NA,NA,Aalb,NA,Muturi_et_al_2011_JMedEnto,,,Yes,
MordecaiPub,MDR,25,298.15,0.035335689,NA,NA,NA,NA,Aalb,NA,Muturi_et_al_2011_JMedEnto,,,Yes,
MordecaiPub,MDR,30,303.15,0.121506683,NA,NA,NA,NA,Aalb,NA,Muturi_et_al_2011_JMedEnto,,,Yes,
MordecaiPub,MDR,30,303.15,0.063291139,NA,NA,NA,NA,Aalb,NA,Muturi_et_al_2011_JMedEnto,,,Yes,
Numazu_5,1/MDR,15,288.15,39.67,0.94,0.94,density,1,Cmol,NA,Olejnicek&Gelbic_2000_JofVectorEcology,Table 1,,Yes,"Cuba strain, females"
Numazu_5,1/MDR,15,288.15,57.33,3.3,3.3,density,5,Cmol,NA,Olejnicek&Gelbic_2000_JofVectorEcology,Table 1,,Yes,"Cuba strain, females"
Numazu_5,1/MDR,15,288.15,67,7.52,7.52,density,10,Cmol,NA,Olejnicek&Gelbic_2000_JofVectorEcology,Table 1,,Yes,"Cuba strain, females"
Numazu_6,1/MDR,15,288.15,47.75,4.44,4.44,density,1,Cmol,NA,Olejnicek&Gelbic_2000_JofVectorEcology,Table 2,,Yes,"Mosul strain, females"
Numazu_6,1/MDR,15,288.15,46.67,3.35,3.35,density,5,Cmol,NA,Olejnicek&Gelbic_2000_JofVectorEcology,Table 2,,Yes,"Mosul strain, females"
Numazu_6,1/MDR,15,288.15,50,4.24,4.24,density,10,Cmol,NA,Olejnicek&Gelbic_2000_JofVectorEcology,Table 2,,Yes,"Mosul strain, females"
Numazu_5,1/MDR,22,295.15,19.25,1.92,1.92,density,1,Cmol,NA,Olejnicek&Gelbic_2000_JofVectorEcology,Table 1,,Yes,"Cuba strain, females"
Numazu_5,1/MDR,22,295.15,19,0.63,0.63,density,5,Cmol,NA,Olejnicek&Gelbic_2000_JofVectorEcology,Table 1,,Yes,"Cuba strain, females"
Numazu_5,1/MDR,22,295.15,25.67,0.94,0.94,density,10,Cmol,NA,Olejnicek&Gelbic_2000_JofVectorEcology,Table 1,,Yes,"Cuba strain, females"
Numazu_6,1/MDR,22,295.15,23.62,1.94,1.94,density,1,Cmol,NA,Olejnicek&Gelbic_2000_JofVectorEcology,Table 2,,Yes,"Mosul strain, females"
Numazu_6,1/MDR,22,295.15,31,3.96,3.96,density,5,Cmol,NA,Olejnicek&Gelbic_2000_JofVectorEcology,Table 2,,Yes,"Mosul strain, females"
Numazu_6,1/MDR,22,295.15,37.5,2.22,2.22,density,10,Cmol,NA,Olejnicek&Gelbic_2000_JofVectorEcology,Table 2,,Yes,"Mosul strain, females"
Numazu_5,1/MDR,30,303.15,13.58,0.64,0.64,density,1,Cmol,NA,Olejnicek&Gelbic_2000_JofVectorEcology,Table 1,,Yes,"Cuba strain, females"
Numazu_5,1/MDR,30,303.15,14.06,2.52,2.52,density,5,Cmol,NA,Olejnicek&Gelbic_2000_JofVectorEcology,Table 1,,Yes,"Cuba strain, females"
Numazu_5,1/MDR,30,303.15,15.45,3.51,3.51,density,10,Cmol,NA,Olejnicek&Gelbic_2000_JofVectorEcology,Table 1,,Yes,"Cuba strain, females"
Numazu_6,1/MDR,30,303.15,13.27,0.45,0.45,density,1,Cmol,NA,Olejnicek&Gelbic_2000_JofVectorEcology,Table 2,,Yes,"Mosul strain, females"
Numazu_6,1/MDR,30,303.15,14.2,1.6,1.6,density,5,Cmol,NA,Olejnicek&Gelbic_2000_JofVectorEcology,Table 2,,Yes,"Mosul strain, females"
Numazu_6,1/MDR,30,303.15,15,0.71,0.71,density,10,Cmol,NA,Olejnicek&Gelbic_2000_JofVectorEcology,Table 2,,Yes,"Mosul strain, females"
Shocket,1/MDR,18,291.15,30,NA,NA,NA,NA,Cann,NA,Rae_1990_J_Med_Entom,,,Yes,
Shocket,1/MDR,24.5,297.65,11.5,NA,NA,NA,NA,Cann,NA,Rae_1990_J_Med_Entom,,,Yes,
Shocket,1/MDR,28.5,301.65,9.25,NA,NA,NA,NA,Cann,NA,Rae_1990_J_Med_Entom,,,Yes,
Shocket,1/MDR,35,308.15,6,NA,NA,NA,NA,Cann,NA,Rae_1990_J_Med_Entom,,,Yes,
Numazu_6,1/MDR,14,287.15,34,NA,NA,Population,Coachella Valley,Ctar,NA,Reisen_1995_JMedEntomol,Table 2,,Yes,
Numazu_6,1/MDR,14,287.15,30,NA,NA,Population,Coachella Valley,Ctar,NA,Reisen_1995_JMedEntomol,Table 2,,Yes,
Numazu_6,1/MDR,14,287.15,35,NA,NA,Population,Coachella Valley,Ctar,NA,Reisen_1995_JMedEntomol,Table 2,,Yes,
Numazu_6,1/MDR,14,287.15,36,NA,NA,Population,San Joaquin Valley,Ctar,NA,Reisen_1995_JMedEntomol,Table 2,,Yes,
Numazu_6,1/MDR,14,287.15,35,NA,NA,Population,San Joaquin Valley,Ctar,NA,Reisen_1995_JMedEntomol,Table 2,,Yes,
Numazu_3,1/MDR,15,288.15,26.7,NA,NA,Population,Coachella Valley,Ctar,NA,Reisen_1995_JMedEntomol,Table 1,,Yes,
Numazu_3,1/MDR,15,288.15,29.1,NA,NA,Population,San Joaquin Valley,Ctar,NA,Reisen_1995_JMedEntomol,Table 1,,Yes,
Numazu_3,1/MDR,20,293.15,19.6,NA,NA,Population,Coachella Valley,Ctar,NA,Reisen_1995_JMedEntomol,Table 1,,Yes,
Numazu_3,1/MDR,20,293.15,22.4,NA,NA,Population,San Joaquin Valley,Ctar,NA,Reisen_1995_JMedEntomol,Table 1,,Yes,
Numazu_6,1/MDR,20,293.15,25,NA,NA,Population,Coachella Valley,Ctar,NA,Reisen_1995_JMedEntomol,Table 2,,Yes,
Numazu_6,1/MDR,20,293.15,19,NA,NA,Population,Coachella Valley,Ctar,NA,Reisen_1995_JMedEntomol,Table 2,,Yes,
Numazu_6,1/MDR,20,293.15,25,NA,NA,Population,Coachella Valley,Ctar,NA,Reisen_1995_JMedEntomol,Table 2,,Yes,
Numazu_6,1/MDR,20,293.15,25,NA,NA,Population,San Joaquin Valley,Ctar,NA,Reisen_1995_JMedEntomol,Table 2,,Yes,
Numazu_6,1/MDR,20,293.15,20,NA,NA,Population,San Joaquin Valley,Ctar,NA,Reisen_1995_JMedEntomol,Table 2,,Yes,
Numazu_6,1/MDR,20,293.15,24,NA,NA,Population,San Joaquin Valley,Ctar,NA,Reisen_1995_JMedEntomol,Table 2,,Yes,
Numazu_3,1/MDR,25,298.15,12.6,NA,NA,Population,Coachella Valley,Ctar,NA,Reisen_1995_JMedEntomol,Table 1,,Yes,
Numazu_3,1/MDR,25,298.15,16.2,NA,NA,Population,San Joaquin Valley,Ctar,NA,Reisen_1995_JMedEntomol,Table 1,,Yes,
Numazu_6,1/MDR,26,299.15,12,NA,NA,Population,Coachella Valley,Ctar,NA,Reisen_1995_JMedEntomol,Table 2,,Yes,
Numazu_6,1/MDR,26,299.15,11,NA,NA,Population,Coachella Valley,Ctar,NA,Reisen_1995_JMedEntomol,Table 2,,Yes,
Numazu_6,1/MDR,26,299.15,14,NA,NA,Population,Coachella Valley,Ctar,NA,Reisen_1995_JMedEntomol,Table 2,,Yes,
Numazu_6,1/MDR,26,299.15,14,NA,NA,Population,San Joaquin Valley,Ctar,NA,Reisen_1995_JMedEntomol,Table 2,,Yes,
Numazu_6,1/MDR,26,299.15,12,NA,NA,Population,San Joaquin Valley,Ctar,NA,Reisen_1995_JMedEntomol,Table 2,,Yes,
Numazu_6,1/MDR,26,299.15,15,NA,NA,Population,San Joaquin Valley,Ctar,NA,Reisen_1995_JMedEntomol,Table 2,,Yes,
Numazu_3,1/MDR,30,303.15,10.6,NA,NA,Population,Coachella Valley,Ctar,NA,Reisen_1995_JMedEntomol,Table 1,,Yes,
Numazu_3,1/MDR,30,303.15,10.4,NA,NA,Population,San Joaquin Valley,Ctar,NA,Reisen_1995_JMedEntomol,Table 1,,Yes,
Numazu_6,1/MDR,32,305.15,9,NA,NA,Population,Coachella Valley,Ctar,NA,Reisen_1995_JMedEntomol,Table 2,,Yes,
Numazu_6,1/MDR,32,305.15,9,NA,NA,Population,Coachella Valley,Ctar,NA,Reisen_1995_JMedEntomol,Table 2,,Yes,
Numazu_6,1/MDR,32,305.15,11,NA,NA,Population,Coachella Valley,Ctar,NA,Reisen_1995_JMedEntomol,Table 2,,Yes,
Numazu_6,1/MDR,32,305.15,8,NA,NA,Population,San Joaquin Valley,Ctar,NA,Reisen_1995_JMedEntomol,Table 2,,Yes,
Numazu_6,1/MDR,32,305.15,11,NA,NA,Population,San Joaquin Valley,Ctar,NA,Reisen_1995_JMedEntomol,Table 2,,Yes,
Numazu_6,1/MDR,32,305.15,12,NA,NA,Population,San Joaquin Valley,Ctar,NA,Reisen_1995_JMedEntomol,Table 2,,Yes,
Numazu_3,1/MDR,35,308.15,9.8,NA,NA,Population,Coachella Valley,Ctar,NA,Reisen_1995_JMedEntomol,Table 1,,No,
Numazu_3,1/MDR,35,308.15,10.8,NA,NA,Population,San Joaquin Valley,Ctar,NA,Reisen_1995_JMedEntomol,Table 1,,No,
MordecaiPub,MDR,15,288.15,0.01807,NA,NA,NA,NA,Aaeg,NA,Rueda_et_al_1990_EntSocAm,,,Yes,
MordecaiPub,MDR,20,293.15,0.08045,NA,NA,NA,NA,Aaeg,NA,Rueda_et_al_1990_EntSocAm,,,Yes,
MordecaiPub,MDR,25,298.15,0.15723,NA,NA,NA,NA,Aaeg,NA,Rueda_et_al_1990_EntSocAm,,,Yes,
MordecaiPub,MDR,27,300.15,0.08532,NA,NA,NA,NA,Aaeg,NA,Rueda_et_al_1990_EntSocAm,,,Yes,
MordecaiPub,MDR,30,303.15,0.14577,NA,NA,NA,NA,Aaeg,NA,Rueda_et_al_1990_EntSocAm,,,Yes,
MordecaiPub,MDR,34,307.15,0.1626,NA,NA,NA,NA,Aaeg,NA,Rueda_et_al_1990_EntSocAm,,,Yes,
Numazu_1,1/MDR,15,288.15,31.35,0.46,0.46,NA,NA,Cqui,NA,Rueda_Patel_Axtell_Stinner_1990_JMedEntomol,Table 1,,Yes,
Numazu_1,1/MDR,20,293.15,12.07,0.14,0.14,NA,NA,Cqui,NA,Rueda_Patel_Axtell_Stinner_1990_JMedEntomol,Table 1,,Yes,
Numazu_1,1/MDR,25,298.15,10.52,0.12,0.12,NA,NA,Cqui,NA,Rueda_Patel_Axtell_Stinner_1990_JMedEntomol,Table 1,,Yes,
Numazu_1,1/MDR,27,300.15,7.07,0.05,0.05,NA,NA,Cqui,NA,Rueda_Patel_Axtell_Stinner_1990_JMedEntomol,Table 1,,Yes,
Numazu_1,1/MDR,30,303.15,7.21,0.06,0.06,NA,NA,Cqui,NA,Rueda_Patel_Axtell_Stinner_1990_JMedEntomol,Table 1,,Yes,
Numazu_1,1/MDR,34,307.15,7.08,0.06,0.06,NA,NA,Cqui,NA,Rueda_Patel_Axtell_Stinner_1990_JMedEntomol,Table 1,,Yes,
Shocket,1/MDR,16,289.15,20.5,20.1,20.9,Population,Low elevation,Cpip,NA,Ruybal_2016_Paras&Vec,Figure 2,,Yes,
Shocket,1/MDR,16,289.15,22.5,22.3,22.7,Population,Mid latitude,Cpip,NA,Ruybal_2016_Paras&Vec,Figure 2,,Yes,
Shocket,1/MDR,16,289.15,21.4,20.8,21.9,Population,Mid elevation,Cpip,NA,Ruybal_2016_Paras&Vec,Figure 2,,Yes,
Shocket,1/MDR,16,289.15,22.4,NA,NA,Population,High elevation,Cpip,NA,Ruybal_2016_Paras&Vec,Figure 2,,Yes,
Shocket,1/MDR,20,293.15,13.1,13,13.3,Population,Low elevation,Cpip,NA,Ruybal_2016_Paras&Vec,Figure 2,,Yes,
Shocket,1/MDR,20,293.15,14.1,14,14.3,Population,Mid latitude,Cpip,NA,Ruybal_2016_Paras&Vec,Figure 2,,Yes,
Shocket,1/MDR,20,293.15,13.6,13.2,14,Population,Mid elevation,Cpip,NA,Ruybal_2016_Paras&Vec,Figure 2,,Yes,
Shocket,1/MDR,20,293.15,14.3,NA,NA,Population,High elevation,Cpip,NA,Ruybal_2016_Paras&Vec,Figure 2,,Yes,
Shocket,1/MDR,24,297.15,9.9,9.7,10.2,Population,Low elevation,Cpip,NA,Ruybal_2016_Paras&Vec,Figure 2,,Yes,
Shocket,1/MDR,24,297.15,11,10.9,11.1,Population,Mid latitude,Cpip,NA,Ruybal_2016_Paras&Vec,Figure 2,,Yes,
Shocket,1/MDR,24,297.15,10.2,9.8,10.6,Population,Mid elevation,Cpip,NA,Ruybal_2016_Paras&Vec,Figure 2,,Yes,
Shocket,1/MDR,24,297.15,10.7,NA,NA,Population,High elevation,Cpip,NA,Ruybal_2016_Paras&Vec,Figure 2,,Yes,
Shocket,1/MDR,27,300.15,8.9,8.8,9.1,Population,Low elevation,Cpip,NA,Ruybal_2016_Paras&Vec,Figure 2,,Yes,
Shocket,1/MDR,27,300.15,10.7,10.4,10.9,Population,Mid latitude,Cpip,NA,Ruybal_2016_Paras&Vec,Figure 2,,Yes,
Shocket,1/MDR,27,300.15,8.9,8.7,9.1,Population,Mid elevation,Cpip,NA,Ruybal_2016_Paras&Vec,Figure 2,,Yes,
Shocket,1/MDR,27,300.15,9.8,NA,NA,Population,High elevation,Cpip,NA,Ruybal_2016_Paras&Vec,Figure 2,,Yes,
Shocket,1/MDR,31,304.15,8.3,8.2,8.3,Population,Low elevation,Cpip,NA,Ruybal_2016_Paras&Vec,Figure 2,,Yes,
Shocket,1/MDR,31,304.15,9.5,9.2,9.7,Population,Mid latitude,Cpip,NA,Ruybal_2016_Paras&Vec,Figure 2,,Yes,
Shocket,1/MDR,31,304.15,8.3,8.1,8.6,Population,Mid elevation,Cpip,NA,Ruybal_2016_Paras&Vec,Figure 2,,Yes,
Shocket,1/MDR,31,304.15,9.5,NA,NA,Population,High elevation,Cpip,NA,Ruybal_2016_Paras&Vec,Figure 2,,Yes,
Shocket,1/MDR,12,285.15,1000,NA,NA,NA,NA,Asol,NA,Shelton_1973_MosquitoNews,Figure 7,,Yes,Did not complete development
Shocket,1/MDR,15,288.15,19.3,NA,NA,NA,NA,Asol,NA,Shelton_1973_MosquitoNews,Figure 7,,Yes,
Shocket,1/MDR,20,293.15,12.1,NA,NA,NA,NA,Asol,NA,Shelton_1973_MosquitoNews,Figure 7,,Yes,
Shocket,1/MDR,23,296.15,7.7,NA,NA,NA,NA,Asol,NA,Shelton_1973_MosquitoNews,Figure 7,,Yes,
Shocket,1/MDR,26,299.15,6,NA,NA,NA,NA,Asol,NA,Shelton_1973_MosquitoNews,Figure 7,,Yes,
Shocket,1/MDR,29,302.15,5.2,NA,NA,NA,NA,Asol,NA,Shelton_1973_MosquitoNews,Figure 7,,Yes,
Shocket,1/MDR,32,305.15,4.8,NA,NA,NA,NA,Asol,NA,Shelton_1973_MosquitoNews,Figure 7,,No,
Shocket,1/MDR,35,308.15,4.8,NA,NA,NA,NA,Asol,NA,Shelton_1973_MosquitoNews,Figure 7,,No,
Numazu,1/MDR,12,285.15,1000,NA,NA,NA,NA,Atri,NA,Shelton_1973_MosquitoNews,Figure 8,,Yes,Did not complete development
Numazu,1/MDR,15,288.15,21.6,NA,NA,NA,NA,Atri,NA,Shelton_1973_MosquitoNews,Figure 8,,Yes,
Numazu,1/MDR,20,293.15,13.8,NA,NA,NA,NA,Atri,NA,Shelton_1973_MosquitoNews,Figure 8,,Yes,
Numazu,1/MDR,23,296.15,11,NA,NA,NA,NA,Atri,NA,Shelton_1973_MosquitoNews,Figure 8,,Yes,
Numazu,1/MDR,26,299.15,10.8,NA,NA,NA,NA,Atri,NA,Shelton_1973_MosquitoNews,Figure 8,,Yes,
Numazu,1/MDR,29,302.15,11,NA,NA,NA,NA,Atri,NA,Shelton_1973_MosquitoNews,Figure 8,,Yes,
Numazu,1/MDR,32,305.15,10,NA,NA,NA,NA,Atri,NA,Shelton_1973_MosquitoNews,Figure 8,,Yes,
Numazu,1/MDR,35,308.15,1000,NA,NA,NA,NA,Atri,NA,Shelton_1973_MosquitoNews,Figure 8,,No,Did not complete development
Numazu,1/MDR,12,285.15,16.75,NA,NA,NA,NA,Cqui,NA,Shelton_1973_MosquitoNews,Figure 3,,Yes,
Numazu,1/MDR,15,288.15,11.49,NA,NA,NA,NA,Cqui,NA,Shelton_1973_MosquitoNews,Figure 3,,Yes,
Numazu,1/MDR,20,293.15,7.96,NA,NA,NA,NA,Cqui,NA,Shelton_1973_MosquitoNews,Figure 3,,Yes,
Numazu,1/MDR,23,296.15,7.97,NA,NA,NA,NA,Cqui,NA,Shelton_1973_MosquitoNews,Figure 3,,Yes,
Numazu,1/MDR,26,299.15,7.47,NA,NA,NA,NA,Cqui,NA,Shelton_1973_MosquitoNews,Figure 3,,Yes,
Numazu,1/MDR,29,302.15,6.45,NA,NA,NA,NA,Cqui,NA,Shelton_1973_MosquitoNews,Figure 3,,Yes,
Numazu,1/MDR,32,305.15,6.97,NA,NA,NA,NA,Cqui,NA,Shelton_1973_MosquitoNews,Figure 3,,Yes,
Numazu,1/MDR,35,308.15,1000,NA,NA,NA,NA,Cqui,NA,Shelton_1973_MosquitoNews,Figure 3,,No,Did not complete development
Shocket,1/MDR,12,285.15,25.3,NA,NA,NA,NA,Cres,NA,Shelton_1973_MosquitoNews,Figure 2,,Yes,
Shocket,1/MDR,15,288.15,13,NA,NA,NA,NA,Cres,NA,Shelton_1973_MosquitoNews,Figure 2,,Yes,
Shocket,1/MDR,20,293.15,10.2,NA,NA,NA,NA,Cres,NA,Shelton_1973_MosquitoNews,Figure 2,,Yes,
Shocket,1/MDR,23,296.15,9,NA,NA,NA,NA,Cres,NA,Shelton_1973_MosquitoNews,Figure 2,,Yes,
Shocket,1/MDR,26,299.15,6.7,NA,NA,NA,NA,Cres,NA,Shelton_1973_MosquitoNews,Figure 2,,Yes,
Shocket,1/MDR,29,302.15,6.4,NA,NA,NA,NA,Cres,NA,Shelton_1973_MosquitoNews,Figure 2,,Yes,
Shocket,1/MDR,32,305.15,1000,NA,NA,NA,NA,Cres,NA,Shelton_1973_MosquitoNews,Figure 2,,No,Did not complete development
Shocket,1/MDR,35,308.15,1000,NA,NA,NA,NA,Cres,NA,Shelton_1973_MosquitoNews,Figure 2,,No,Did not complete development
Shocket,1/MDR,12,285.15,36,NA,NA,NA,NA,Csal,NA,Shelton_1973_MosquitoNews,Figure 4,,Yes,
Shocket,1/MDR,15,288.15,27.4,NA,NA,NA,NA,Csal,NA,Shelton_1973_MosquitoNews,Figure 4,,Yes,
Shocket,1/MDR,20,293.15,13.4,NA,NA,NA,NA,Csal,NA,Shelton_1973_MosquitoNews,Figure 4,,Yes,
Shocket,1/MDR,23,296.15,11.3,NA,NA,NA,NA,Csal,NA,Shelton_1973_MosquitoNews,Figure 4,,Yes,
Shocket,1/MDR,26,299.15,12.7,NA,NA,NA,NA,Csal,NA,Shelton_1973_MosquitoNews,Figure 4,,Yes,
Shocket,1/MDR,29,302.15,9.4,NA,NA,NA,NA,Csal,NA,Shelton_1973_MosquitoNews,Figure 4,,Yes,
Shocket,1/MDR,32,305.15,1000,NA,NA,NA,NA,Csal,NA,Shelton_1973_MosquitoNews,Figure 4,,No,
Shocket,1/MDR,35,308.15,1000,NA,NA,NA,NA,Csal,NA,Shelton_1973_MosquitoNews,Figure 4,,No,Did not complete development
Shocket,1/MDR,10,283.15,64,3.8,3.8,NA,NA,Cpip,NA,Teckle_1960_AJTMH,Table 1,,Yes,
Shocket,1/MDR,15,288.15,48,1.94,1.94,NA,NA,Cpip,NA,Teckle_1960_AJTMH,Table 1,,Yes,
Shocket,1/MDR,20,293.15,26,1.45,1.45,NA,NA,Cpip,NA,Teckle_1960_AJTMH,Table 1,,Yes,
Shocket,1/MDR,25,298.15,14,0.72,0.72,NA,NA,Cpip,NA,Teckle_1960_AJTMH,Table 1,,Yes,
Shocket,1/MDR,30,303.15,12,0.24,0.24,NA,NA,Cpip,NA,Teckle_1960_AJTMH,Table 1,,Yes,
Shocket,1/MDR,35,308.15,1000,NA,NA,NA,NA,Cpip,NA,Teckle_1960_AJTMH,Table 1,,No,
Shocket,1/MDR,10,283.15,60,3.1,3.1,NA,NA,Cqui,NA,Teckle_1960_AJTMH,Table 1,,Yes,Used old name fatigans which is now synonymous with quinquefasciatus
Shocket,1/MDR,15,288.15,41,0.97,0.97,NA,NA,Cqui,NA,Teckle_1960_AJTMH,Table 1,,Yes,Used old name fatigans which is now synonymous with quinquefasciatus
Shocket,1/MDR,20,293.15,22,0.48,0.48,NA,NA,Cqui,NA,Teckle_1960_AJTMH,Table 1,,Yes,Used old name fatigans which is now synonymous with quinquefasciatus
Shocket,1/MDR,25,298.15,13,0.43,0.43,NA,NA,Cqui,NA,Teckle_1960_AJTMH,Table 1,,Yes,Used old name fatigans which is now synonymous with quinquefasciatus
Shocket,1/MDR,30,303.15,11,0.46,0.46,NA,NA,Cqui,NA,Teckle_1960_AJTMH,Table 1,,Yes,Used old name fatigans which is now synonymous with quinquefasciatus
Shocket,1/MDR,35,308.15,8,0.48,0.48,NA,NA,Cqui,NA,Teckle_1960_AJTMH,Table 1,,Yes,Used old name fatigans which is now synonymous with quinquefasciatus
Shocket,1/MDR,19,292.15,34.9,0.4,0.4,Photoperiod,15 L,Trut,NA,Trimble_1979_CanJZoo,Table 1,Yes,Yes,Louisiana population
Shocket,1/MDR,19,292.15,32.2,0.2,0.2,Photoperiod,13 L,Trut,NA,Trimble_1979_CanJZoo,Table 1,Yes,Yes,Louisiana population
Shocket,1/MDR,19,292.15,35.7,0.4,0.4,Photoperiod,12 L,Trut,NA,Trimble_1979_CanJZoo,Table 1,Yes,Yes,Louisiana population
Shocket,1/MDR,19,292.15,35.6,0.5,0.5,Photoperiod,11.25 L,Trut,NA,Trimble_1979_CanJZoo,Table 1,Yes,Yes,Louisiana population
Shocket,1/MDR,19,292.15,31,0.4,0.4,Photoperiod,15 L,Trut,NA,Trimble_1979_CanJZoo,Table 1,No,Yes,Louisiana population
Shocket,1/MDR,19,292.15,28.4,0.2,0.2,Photoperiod,13 L,Trut,NA,Trimble_1979_CanJZoo,Table 1,No,Yes,Louisiana population
Shocket,1/MDR,19,292.15,31.7,0.4,0.4,Photoperiod,12 L,Trut,NA,Trimble_1979_CanJZoo,Table 1,No,Yes,Louisiana population
Shocket,1/MDR,19,292.15,31.7,0.5,0.5,Photoperiod,11.25 L,Trut,NA,Trimble_1979_CanJZoo,Table 1,No,Yes,Louisiana population
Shocket,1/MDR,19,292.15,32.9,0.3,0.3,Photoperiod,16 L,Trut,NA,Trimble_1979_CanJZoo,Table 3,Yes,Yes,Delaware population
Shocket,1/MDR,19,292.15,32.9,0.3,0.3,Photoperiod,13 L,Trut,NA,Trimble_1979_CanJZoo,Table 3,Yes,Yes,Delaware population
Shocket,1/MDR,19,292.15,37.3,0.5,0.5,Photoperiod,12 L,Trut,NA,Trimble_1979_CanJZoo,Table 3,Yes,Yes,Delaware population
Shocket,1/MDR,19,292.15,37,0.5,0.5,Photoperiod,11.25 L,Trut,NA,Trimble_1979_CanJZoo,Table 3,Yes,Yes,Delaware population
Shocket,1/MDR,19,292.15,41.5,0.9,0.9,Photoperiod,10.5 L,Trut,NA,Trimble_1979_CanJZoo,Table 3,Yes,Yes,Delaware population
Shocket,1/MDR,19,292.15,28.8,0.3,0.3,Photoperiod,16 L,Trut,NA,Trimble_1979_CanJZoo,Table 3,No,Yes,Delaware population
Shocket,1/MDR,19,292.15,28.9,0.3,0.3,Photoperiod,13 L,Trut,NA,Trimble_1979_CanJZoo,Table 3,No,Yes,Delaware population
Shocket,1/MDR,19,292.15,31.2,0.5,0.5,Photoperiod,12 L,Trut,NA,Trimble_1979_CanJZoo,Table 3,No,Yes,Delaware population
Shocket,1/MDR,19,292.15,33.6,0.5,0.5,Photoperiod,11.25 L,Trut,NA,Trimble_1979_CanJZoo,Table 3,No,Yes,Delaware population
Shocket,1/MDR,19,292.15,35.8,0.9,0.9,Photoperiod,10.5 L,Trut,NA,Trimble_1979_CanJZoo,Table 3,No,Yes,Delaware population
Shocket,1/MDR,27,300.15,17.8,0.1,0.1,Photoperiod,15 L,Trut,NA,Trimble_1979_CanJZoo,Table 2,Yes,Yes,Louisiana population
Shocket,1/MDR,27,300.15,17.4,0.2,0.2,Photoperiod,13 L,Trut,NA,Trimble_1979_CanJZoo,Table 2,Yes,Yes,Louisiana population
Shocket,1/MDR,27,300.15,17.3,0.1,0.1,Photoperiod,11.25 L,Trut,NA,Trimble_1979_CanJZoo,Table 2,Yes,Yes,Louisiana population
Shocket,1/MDR,27,300.15,15.8,0.1,0.1,Photoperiod,15 L,Trut,NA,Trimble_1979_CanJZoo,Table 2,No,Yes,Louisiana population
Shocket,1/MDR,27,300.15,15.5,0.2,0.2,Photoperiod,13 L,Trut,NA,Trimble_1979_CanJZoo,Table 2,No,Yes,Louisiana population
Shocket,1/MDR,27,300.15,15.3,0.1,0.1,Photoperiod,11.25 L,Trut,NA,Trimble_1979_CanJZoo,Table 2,No,Yes,Louisiana population
Shocket,1/MDR,27,300.15,16.4,0.2,0.2,Photoperiod,16 L,Trut,NA,Trimble_1979_CanJZoo,Table 4,Yes,Yes,Delaware population
Shocket,1/MDR,27,300.15,18,0.2,0.2,Photoperiod,13 L,Trut,NA,Trimble_1979_CanJZoo,Table 4,Yes,Yes,Delaware population
Shocket,1/MDR,27,300.15,19.6,0.2,0.2,Photoperiod,12 L,Trut,NA,Trimble_1979_CanJZoo,Table 4,Yes,Yes,Delaware population
Shocket,1/MDR,27,300.15,17.9,0.1,0.1,Photoperiod,11.25 L,Trut,NA,Trimble_1979_CanJZoo,Table 4,Yes,Yes,Delaware population
Shocket,1/MDR,27,300.15,17.9,0.2,0.2,Photoperiod,10.5 L,Trut,NA,Trimble_1979_CanJZoo,Table 4,Yes,Yes,Delaware population
Shocket,1/MDR,27,300.15,14.4,0.2,0.2,Photoperiod,16 L,Trut,NA,Trimble_1979_CanJZoo,Table 4,No,Yes,Delaware population
Shocket,1/MDR,27,300.15,16.1,0.2,0.2,Photoperiod,13 L,Trut,NA,Trimble_1979_CanJZoo,Table 4,No,Yes,Delaware population
Shocket,1/MDR,27,300.15,18.1,0.2,0.2,Photoperiod,12 L,Trut,NA,Trimble_1979_CanJZoo,Table 4,No,Yes,Delaware population
Shocket,1/MDR,27,300.15,15.9,0.1,0.1,Photoperiod,11.25 L,Trut,NA,Trimble_1979_CanJZoo,Table 4,No,Yes,Delaware population
Shocket,1/MDR,27,300.15,16,0.2,0.2,Photoperiod,10.5 L,Trut,NA,Trimble_1979_CanJZoo,Table 4,No,Yes,Delaware population
Numazu_12,1/MDR,5,278.15,1000,NA,NA,NA,NA,Avex,NA,Trpis&Shemanchuk_1970_TheCanadianEntomologist,Results text,,Yes,All larvae died in 1st instar
Numazu_12,1/MDR,10,283.15,43,NA,NA,NA,NA,Avex,NA,Trpis&Shemanchuk_1970_TheCanadianEntomologist,Figure 1,,Yes,Median time to pupation
Numazu_12,1/MDR,15,288.15,17,NA,NA,NA,NA,Avex,NA,Trpis&Shemanchuk_1970_TheCanadianEntomologist,Figure 2,,Yes,Median time to pupation
Numazu_12,1/MDR,20,293.15,8,NA,NA,NA,NA,Avex,NA,Trpis&Shemanchuk_1970_TheCanadianEntomologist,Figure 3,,Yes,Median time to pupation
Numazu_12,1/MDR,25,298.15,6,NA,NA,NA,NA,Avex,NA,Trpis&Shemanchuk_1970_TheCanadianEntomologist,Figure 4,,Yes,Median time to pupation
Numazu_12,1/MDR,30,303.15,6,NA,NA,NA,NA,Avex,NA,Trpis&Shemanchuk_1970_TheCanadianEntomologist,Figure 5,,No,Median time to pupation
MordecaiPub,MDR,15,288.15,0.02519,NA,NA,NA,NA,Aaeg,NA,Tun-Lin_et_al_2000_MedVetEnto,,,Yes,
MordecaiPub,MDR,20,293.15,0.07299,NA,NA,NA,NA,Aaeg,NA,Tun-Lin_et_al_2000_MedVetEnto,,,Yes,
MordecaiPub,MDR,25,298.15,0.10309,NA,NA,NA,NA,Aaeg,NA,Tun-Lin_et_al_2000_MedVetEnto,,,Yes,
MordecaiPub,MDR,30,303.15,0.11905,NA,NA,NA,NA,Aaeg,NA,Tun-Lin_et_al_2000_MedVetEnto,,,Yes,
MordecaiPub,MDR,35,308.15,0.13889,NA,NA,NA,NA,Aaeg,NA,Tun-Lin_et_al_2000_MedVetEnto,,,Yes,
MordecaiPub,MDR,18,291.15,0.040816327,NA,NA,NA,NA,Aalb,NA,Westbrook_et_al_2010_VecBorn&ZooDis,,,Yes,
MordecaiPub,MDR,24,297.15,0.090909091,NA,NA,NA,NA,Aalb,NA,Westbrook_et_al_2010_VecBorn&ZooDis,,,Yes,
MordecaiPub,MDR,32,305.15,0.111111111,NA,NA,NA,NA,Aalb,NA,Westbrook_et_al_2010_VecBorn&ZooDis,,,Yes,
MordecaiPub,MDR,22,295.15,0.075543232,NA,NA,NA,NA,Aalb,NA,Westbrook_Thesis_2010,,,Yes,
MordecaiPub,MDR,22,295.15,0.091743119,NA,NA,NA,NA,Aalb,NA,Westbrook_Thesis_2010,,,Yes,
MordecaiPub,MDR,27,300.15,0.10843753,NA,NA,NA,NA,Aalb,NA,Westbrook_Thesis_2010,,,Yes,
MordecaiPub,MDR,27,300.15,0.135869565,NA,NA,NA,NA,Aalb,NA,Westbrook_Thesis_2010,,,Yes,
MordecaiPub,MDR,32,305.15,0.121396268,NA,NA,NA,NA,Aalb,NA,Westbrook_Thesis_2010,,,Yes,
MordecaiPub,MDR,32,305.15,0.158227848,NA,NA,NA,NA,Aalb,NA,Westbrook_Thesis_2010,,,Yes,
Shocket,1/MDR,15,288.15,48.8,NA,NA,water type,Tap,Anot,NA,Williams_2011_AusJEntrom,,,Yes,
Shocket,1/MDR,15,288.15,15.5,NA,NA,water type,Rain,Anot,NA,Williams_2011_AusJEntrom,,,Yes,
Shocket,1/MDR,18,291.15,40.8,NA,NA,water type,Tap,Anot,NA,Williams_2011_AusJEntrom,,,Yes,
Shocket,1/MDR,18,291.15,16.2,NA,NA,water type,Rain,Anot,NA,Williams_2011_AusJEntrom,,,Yes,
Shocket,1/MDR,25,298.15,27.7,NA,NA,water type,Tap,Anot,NA,Williams_2011_AusJEntrom,,,Yes,
Shocket,1/MDR,25,298.15,10,NA,NA,water type,Rain,Anot,NA,Williams_2011_AusJEntrom,,,Yes,
Shocket,1/MDR,29,302.15,7.6,NA,NA,water type,Tap,Anot,NA,Williams_2011_AusJEntrom,,,Yes,
Shocket,1/MDR,29,302.15,6.8,NA,NA,water type,Rain,Anot,NA,Williams_2011_AusJEntrom,,,Yes,
MordecaiPub,MDR,25,298.15,0.094382022,NA,NA,NA,NA,Aalb,NA,Witwatana_Kittayaong_2006_Med&VetEnt,,,Yes,
MordecaiPub,MDR,37,310.15,0.130508475,NA,NA,NA,NA,Aalb,NA,Witwatana_Kittayaong_2006_Med&VetEnt,,,No,
MordecaiPub,MDR,21,294.15,0.04376784,NA,NA,NA,NA,Aalb,NA,Yee_et al_2016 JAE_in_review,,,Yes,
MordecaiPub,MDR,21,294.15,0.048780488,NA,NA,NA,NA,Aalb,NA,Yee_et al_2016 JAE_in_review,,,Yes,
MordecaiPub,MDR,21,294.15,0.058541257,NA,NA,NA,NA,Aalb,NA,Yee_et al_2016 JAE_in_review,,,Yes,
MordecaiPub,MDR,21,294.15,0.063263832,NA,NA,NA,NA,Aalb,NA,Yee_et al_2016 JAE_in_review,,,Yes,
MordecaiPub,MDR,21,294.15,0.060371526,NA,NA,NA,NA,Aalb,NA,Yee_et al_2016 JAE_in_review,,,Yes,
MordecaiPub,MDR,21,294.15,0.062151408,NA,NA,NA,NA,Aalb,NA,Yee_et al_2016 JAE_in_review,,,Yes,
MordecaiPub,MDR,21,294.15,0.058823529,NA,NA,NA,NA,Aalb,NA,Yee_et al_2016 JAE_in_review,,,Yes,
MordecaiPub,MDR,21,294.15,0.063636346,NA,NA,NA,NA,Aalb,NA,Yee_et al_2016 JAE_in_review,,,Yes,
MordecaiPub,MDR,25,298.15,0.072192523,NA,NA,NA,NA,Aalb,NA,Yee_et al_2016 JAE_in_review,,,Yes,
MordecaiPub,MDR,25,298.15,0.065246341,NA,NA,NA,NA,Aalb,NA,Yee_et al_2016 JAE_in_review,,,Yes,
MordecaiPub,MDR,25,298.15,0.090329422,NA,NA,NA,NA,Aalb,NA,Yee_et al_2016 JAE_in_review,,,Yes,
MordecaiPub,MDR,25,298.15,0.09185444,NA,NA,NA,NA,Aalb,NA,Yee_et al_2016 JAE_in_review,,,Yes,
MordecaiPub,MDR,25,298.15,0.089051081,NA,NA,NA,NA,Aalb,NA,Yee_et al_2016 JAE_in_review,,,Yes,
MordecaiPub,MDR,25,298.15,0.084905644,NA,NA,NA,NA,Aalb,NA,Yee_et al_2016 JAE_in_review,,,Yes,
MordecaiPub,MDR,25,298.15,0.08349148,NA,NA,NA,NA,Aalb,NA,Yee_et al_2016 JAE_in_review,,,Yes,
MordecaiPub,MDR,25,298.15,0.085127176,NA,NA,NA,NA,Aalb,NA,Yee_et al_2016 JAE_in_review,,,Yes,